SET IDENTITY_INSERT [dbo].[perforadores] ON
INSERT INTO [dbo].[perforadores] ([id], [nombre], [nombre_clave], [numero], [descripcion], [estado], [deshabilitado], [creado_el], [actualizado_el]) VALUES
('1', N'PAE4167', N'167', '167', N'Perforador de alto rendimiento.', N'Operativo', '0', '2024-08-31 15:18:18.720', '2024-08-31 15:18:18.720'),
('2', N'DLS4165', N'165', '165', N'Perforador robusto para terrenos duros.', N'Mantenimiento', '0', '2024-08-31 15:18:18.720', '2024-08-31 15:18:18.720'),
('3', N'PAE4166', N'166', '166', N'Perforador especializado en pozos profundos.', N'Inactivo', '0', '2024-08-31 15:18:18.720', '2024-08-31 15:18:18.720'),
('4', N'PAE4163', N'163', '163', N'Perforador de alta capacidad.', N'Operativo', '0', '2024-08-31 15:18:18.720', '2024-08-31 15:18:18.720'),
('5', N'DLS4170', N'DLS', '170', N'Perforador de alto rendimiento.', N'Operativo', '0', '2024-08-31 15:18:18.720', '2024-08-31 15:18:18.720'),
('6', N'PAE4169', N'169', '169', N'Perforador de última generación.', N'Operativo', '0', '2024-08-31 15:18:18.720', '2024-08-31 15:18:18.720'),
('7', N'DLS4163', N'DLS', '16333', N'Perforador de alta capacidad.', N'Operativo', '0', '2024-08-23 13:54:47.247', '2024-08-23 13:54:47.247'),
('8', N'DLS4156', N'156', '156', N'156', N'Operativo', '0', '2024-09-02 15:33:05.287', '2024-09-02 15:33:05.287'),
('9', N'DLS4173', N'173', '173', N'173', N'Operativo', '0', '2024-09-02 15:33:33.833', '2024-09-02 15:33:33.833'),
('10', N'DLS4160', N'160', '160', N'160', N'Operativo', '0', '2024-09-02 15:33:56.550', '2024-09-02 15:33:56.550'),
('11', N'DLS4170', N'170', '17000', N'170', N'Operativo', '0', '2024-09-02 15:34:18.943', '2024-09-02 15:34:18.943'),
('12', N'PAE4001', N'PAE001', '1', N'PAE001', N'Operativo', '0', '2024-09-02 15:34:44.160', '2024-09-02 15:34:44.160'),
('13', N'PAE4168', N'168', '168', N'PAE168', N'Operativo', '0', '2024-09-02 15:35:16.763', '2024-09-02 15:35:16.763'),
('14', N'PAE4174', N'174', '174', N'PAE174', N'Operativo', '0', '2024-09-02 15:36:00.890', '2024-09-02 15:36:00.890');

SET IDENTITY_INSERT [dbo].[perforadores] OFF 
-- -------------------------------------------------------------
-- Avance de pozo

SET IDENTITY_INSERT [dbo].[locaciones] ON
INSERT INTO [dbo].[locaciones] ([id], [nombre], [nombre_clave], [descripcion], [deshabilitado], [creado_el], [actualizado_el]) VALUES
('1', N'Locación 1', N'LO004', N'Área en el oeste con recursos probados.', '0', '2024-08-31 15:18:18.720', '2024-08-31 15:18:18.720'),
('2', N'Locación 2', N'LS002', N'Área en el sur con alta potencialidad para perforación.', '0', '2024-08-31 15:18:18.720', '2024-08-31 15:18:18.720'),
('3', N'Locación 3', N'LN001', N'Área en el norte para perforación de pozos petroleros.', '0', '2024-08-31 15:18:18.720', '2024-08-31 15:18:18.720'),
('4', N'Locación 4', N'LE003', N'Área en el este conocida por su rica geología.', '0', '2024-08-31 15:18:18.720', '2024-08-31 15:18:18.720'),
('5', N'Locación 5', N'LO004', N'Área en el oeste con recursos probados.', '0', '2024-08-23 13:54:47.247', '2024-08-23 13:54:47.247'),
('6', N'Locación 6', N'LO004', N'Área en el oeste con recursos probados.', '0', '2024-08-31 15:18:18.720', '2024-08-31 15:18:18.720'),
('7', N'Locación 7', N'LS002', N'Área en el sur con alta potencialidad para perforación.', '0', '2024-08-31 15:18:18.720', '2024-08-31 15:18:18.720'),
('8', N'Locación 8', N'LN001', N'Área en el norte para perforación de pozos petroleros.', '0', '2024-08-31 15:18:18.720', '2024-08-31 15:18:18.720'),
('9', N'Locación 9', N'LE003', N'Área en el este conocida por su rica geología.', '0', '2024-08-31 15:18:18.720', '2024-08-31 15:18:18.720'),
('10', N'Locación 10', N'LO004', N'Área en el oeste con recursos probados.', '0', '2024-08-23 13:54:47.247', '2024-08-23 13:54:47.247'),
('11', N'Locación 11', N'LOOO5', N'LOOO5', '0', '2024-10-02 17:54:24.773', '2024-10-02 17:54:24.773'),
('12', N'Locación 12', N'LOO06', N'LOOO6', '0', '2024-10-02 17:54:49.673', '2024-10-02 17:54:49.673'),
('13', N'Locación 13', N'LOOO7', N'LOOO7', '0', '2024-10-02 17:55:13.727', '2024-10-02 17:55:13.727'),
('14', N'Locación 14', N'LOOO14', N'LOOO14', '0', '2024-10-03 14:41:12.147', '2024-10-03 14:41:12.147');
SET IDENTITY_INSERT [dbo].[locaciones] OFF 

SET IDENTITY_INSERT [dbo].[perforador_locaciones] ON
INSERT INTO [dbo].[perforador_locaciones] ([id], [activo], [locacion_id], [perforador_id], [fecha_inicio], [fecha_fin], [creado_el], [actualizado_el]) VALUES
('1', '1', '1', '2', NULL, NULL, '2024-08-31 15:18:18.720', '2024-08-31 15:18:18.720'),
('4', '1', '2', '8', NULL, NULL, '2024-09-02 12:44:50.043', '2024-09-02 12:44:50.043'),
('5', '1', '3', '9', NULL, NULL, '2024-09-02 12:46:03.247', '2024-09-02 12:46:03.247'),
('6', '1', '4', '4', NULL, NULL, '2024-09-02 12:53:12.260', '2024-09-02 12:53:12.260'),
('7', '1', '5', '13', NULL, NULL, '2024-09-02 12:53:48.187', '2024-09-02 12:53:48.187'),
('9', '1', '6', '1', NULL, NULL, '2024-10-03 14:42:27.547', '2024-10-03 14:42:27.547'),
('10', '1', '7', '3', NULL, NULL, '2024-10-03 14:42:43.557', '2024-10-03 14:42:43.557'),
('11', '1', '8', '5', NULL, NULL, '2024-10-03 14:43:08.370', '2024-10-03 14:43:08.370'),
('12', '1', '9', '6', NULL, NULL, '2024-10-03 14:43:23.420', '2024-10-03 14:43:23.420'),
('13', '1', '10', '7', NULL, NULL, '2024-10-03 14:43:47.247', '2024-10-03 14:43:47.247'),
('14', '1', '11', '10', NULL, NULL, '2024-10-03 14:44:05.463', '2024-10-03 14:44:05.463'),
('15', '1', '12', '11', NULL, NULL, '2024-10-03 14:44:33.783', '2024-10-03 14:44:33.783'),
('16', '1', '13', '12', NULL, NULL, '2024-10-03 14:44:56.380', '2024-10-03 14:44:56.380'),
('17', '1', '14', '13', NULL, NULL, '2024-10-03 14:45:12.197', '2024-10-03 14:45:12.197');
SET IDENTITY_INSERT [dbo].[perforador_locaciones] OFF 

-- -------------------------------------------------------------
SET IDENTITY_INSERT [dbo].[tipos_etapa_pozo] ON
INSERT INTO [dbo].[tipos_etapa_pozo] ([id], [nombre], [creado_el], [actualizado_el]) VALUES
('1', N'Guía', '2024-10-24 18:27:06.860', '2024-10-24 18:27:06.860'),
('2', N'Intermedia', '2024-10-24 18:27:06.947', '2024-10-24 18:27:06.947'),
('3', N'Intermedia', '2024-10-24 18:27:07.030', '2024-10-24 18:27:07.030'),
('4', N'Aislación', '2024-10-24 18:27:07.107', '2024-10-24 18:27:07.107');
SET IDENTITY_INSERT [dbo].[tipos_etapa_pozo] OFF 
-- -------------------------------------------------------------

-- ALMACEN
SET IDENTITY_INSERT [dbo].[marcas] ON
INSERT INTO [dbo].[marcas] ([id], [nombre], [creado_el], [actualizado_el]) VALUES
('1', N'Varco', '2024-09-20 01:06:17.190', '2024-09-20 01:06:17.190');
SET IDENTITY_INSERT [dbo].[marcas] OFF 

SET IDENTITY_INSERT [dbo].[modelos] ON
INSERT INTO [dbo].[modelos] ([id], [nombre], [marca_id], [creado_el], [actualizado_el]) VALUES
('1', N'120', '1', '2024-09-20 01:06:31.100', '2024-09-20 01:06:31.100'),
('2', N'140', '1', '2024-09-20 01:07:22.427', '2024-09-20 01:07:22.427');
SET IDENTITY_INSERT [dbo].[modelos] OFF 

SET IDENTITY_INSERT [dbo].[tipos_rosca] ON
INSERT INTO [dbo].[tipos_rosca] ([id], [nombre], [creado_el], [actualizado_el]) VALUES
('1', N'VX-39- 6.5/8"Reg', '2024-10-10 22:16:00.140', '2024-10-10 22:16:00.140'),
('2', N'XT-39- 6.5/8"Reg', '2024-10-10 22:16:03.540', '2024-10-10 22:16:03.540'),
('3', N'NC-50 6.5/8"Reg', '2024-10-14 19:43:52.707', '2024-10-14 19:43:52.707'),
('4', N'NC-46- 6.5/8"Reg', '2024-10-14 19:49:50.903', '2024-10-14 19:49:50.903'),
('5', N'NC-38- 6.5/8"Reg', '2024-10-14 19:49:50.907', '2024-10-14 19:49:50.907'),
('6', N'ST-40+ 6.5/8"Reg', '2024-10-14 19:49:50.910', '2024-10-14 19:49:50.910'),
('7', N'TSDS-40- 6.5/8"Reg', '2024-10-14 19:49:50.910', '2024-10-14 19:49:50.910'),
('8', N'UXT-39- 6.5/8"Reg', '2024-10-14 19:49:50.910', '2024-10-14 19:49:50.910'),
('9', N'UXT-40- 6.5/8"Reg', '2024-10-14 19:49:50.910', '2024-10-14 19:49:50.910'),
('10', N'Delta-425- 6.5/8"Reg', '2024-10-14 19:49:50.913', '2024-10-14 19:49:50.913');
SET IDENTITY_INSERT [dbo].[tipos_rosca] OFF 

SET IDENTITY_INSERT [dbo].[tipos_elemento] ON
INSERT INTO [dbo].[tipos_elemento] ([id], [nombre], [creado_el], [actualizado_el], [horas_desde], [horas_hasta]) VALUES
('1', N'Válvula', '2024-09-20 01:04:59.917', '2024-09-20 01:04:59.917', '0', '300'),
('2', N'Conector', '2024-09-20 01:05:19.653', '2024-09-20 01:05:19.653', '300', '700'),
('3', N'Tubo', '2024-09-20 01:05:31.530', '2024-09-20 01:05:31.530', '700', '1000');
SET IDENTITY_INSERT [dbo].[tipos_elemento] OFF 

SET IDENTITY_INSERT [dbo].[depositos] ON
INSERT INTO [dbo].[depositos] ([id], [nombre], [perforador_id], [creado_el], [actualizado_el]) VALUES
('1', N'DepositoDLS165', '2', '2024-09-20 01:35:04.493', '2024-09-20 01:35:04.493'),
('2', N'DepositoDLS167', '1', '2024-10-09 15:34:47.360', '2024-10-09 15:34:47.360'),
('3', N'DepositoDLS166', '3', '2024-10-09 15:35:24.640', '2024-10-09 15:35:24.640'),
('4', N'DepositoDLS163', '4', '2024-10-09 15:35:41.920', '2024-10-09 15:35:41.920'),
('7', N'DepositoDLS170', '5', '2024-10-09 15:36:35.940', '2024-10-09 15:36:35.940'),
('13', N'DepositoPAE169', '6', '2024-10-09 15:37:08.790', '2024-10-09 15:37:08.790'),
('14', N'DepositoDLS4163', '7', '2024-10-09 15:37:15.913', '2024-10-09 15:37:15.913'),
('15', N'DepositoDLS4156', '8', '2024-10-09 15:37:28.107', '2024-10-09 15:37:28.107'),
('16', N'DepositoDLS4173', '9', '2024-10-09 15:37:28.183', '2024-10-09 15:37:28.183'),
('17', N'DepositoDLS4160', '10', '2024-10-09 15:37:28.217', '2024-10-09 15:37:28.217'),
('19', N'DepositoDLS4170', '11', '2024-10-09 15:37:38.250', '2024-10-09 15:37:38.250'),
('20', N'DepositoPAE4001', '12', '2024-10-09 15:37:38.330', '2024-10-09 15:37:38.330'),
('21', N'DepositoPAE4168', '13', '2024-10-09 15:37:38.403', '2024-10-09 15:37:38.403'),
('22', N'DepositoPAE4174', '14', '2024-10-09 15:37:41.983', '2024-10-09 15:37:41.983');
SET IDENTITY_INSERT [dbo].[depositos] OFF 


SET IDENTITY_INSERT [dbo].[componentes] ON
INSERT INTO [dbo].[componentes] ([id], [nombre], [creado_el], [actualizado_el]) VALUES
('1', N'Topdrive', '2024-09-20 01:31:21.280', '2024-09-20 01:31:21.280'),
('2', N'Ciclos cable', '2024-09-21 01:53:21.900', '2024-09-21 01:53:21.900');
SET IDENTITY_INSERT [dbo].[componentes] OFF 

SET IDENTITY_INSERT [dbo].[elementos] ON
INSERT INTO [dbo].[elementos] ([id], [nombre], [tipo_elemento_id], [creado_el], [actualizado_el]) VALUES
('1', N'Lower IBOP', '1', '2024-09-20 01:29:40.680', '2024-09-20 01:29:40.680'),
('2', N'Upper IBOP', '1', '2024-09-20 01:30:21.137', '2024-09-20 01:30:21.137'),
('3', N'Saver Sub', '2', '2024-09-20 01:30:36.407', '2024-09-20 01:30:36.407'),
('4', N'WashPipe', '3', '2024-09-20 01:30:48.347', '2024-09-20 01:30:48.347'),
('5', N'Bovina', '1', '2024-09-21 01:54:02.493', '2024-09-21 01:54:02.493');
SET IDENTITY_INSERT [dbo].[elementos] OFF 

SET IDENTITY_INSERT [dbo].[componentes_perforador] ON
INSERT INTO [dbo].[componentes_perforador] ([id], [nombre], [componente_id], [perforador_id], [estado], [creado_el], [actualizado_el]) VALUES
('1', NULL, '1', '2', NULL, '2024-09-20 01:32:17.223', '2024-09-20 01:32:17.223'),
('2', NULL, '2', '2', NULL, '2024-09-21 01:55:07.037', '2024-09-21 01:55:07.037'),
('3', NULL, '1', '13', NULL, '2024-09-21 16:02:59.020', '2024-09-21 16:02:59.020'),
('4', NULL, '1', '1', NULL, '2024-10-08 12:00:46.143', '2024-10-08 12:00:46.143'),
('5', NULL, '1', '3', NULL, '2024-10-08 12:01:00.077', '2024-10-08 12:01:00.077'),
('6', NULL, '1', '4', NULL, '2024-10-08 12:01:18.987', '2024-10-08 12:01:18.987'),
('7', NULL, '1', '5', NULL, '2024-10-08 12:01:29.890', '2024-10-08 12:01:29.890'),
('8', NULL, '1', '6', NULL, '2024-10-08 12:01:36.937', '2024-10-08 12:01:36.937'),
('9', NULL, '1', '7', NULL, '2024-10-08 12:01:44.160', '2024-10-08 12:01:44.160'),
('10', NULL, '1', '8', NULL, '2024-10-08 12:01:51.363', '2024-10-08 12:01:51.363'),
('11', NULL, '1', '9', NULL, '2024-10-08 12:01:58.847', '2024-10-08 12:01:58.847'),
('12', NULL, '1', '10', NULL, '2024-10-08 12:02:05.487', '2024-10-08 12:02:05.487'),
('13', NULL, '1', '11', NULL, '2024-10-08 12:02:13.777', '2024-10-08 12:02:13.777'),
('14', NULL, '1', '12', NULL, '2024-10-08 12:02:20.913', '2024-10-08 12:02:20.913'),
('15', NULL, '1', '14', NULL, '2024-10-08 12:02:28.837', '2024-10-08 12:02:28.837');
SET IDENTITY_INSERT [dbo].[componentes_perforador] OFF 

SET IDENTITY_INSERT [dbo].[elementos_componente] ON
INSERT INTO [dbo].[elementos_componente] ([id], [componente_perforador_id], [elemento_id], [estado], [stock], [creado_el], [actualizado_el]) VALUES
('1', '1', '1', NULL, '0', '2024-09-20 01:33:20.000', '2024-09-20 01:33:20.000'),
('2', '1', '2', NULL, '0', '2024-09-20 01:33:55.053', '2024-09-20 01:33:55.053'),
('3', '1', '3', NULL, '0', '2024-09-20 01:34:14.173', '2024-09-20 01:34:14.173'),
('4', '1', '4', NULL, '0', '2024-09-20 01:34:25.460', '2024-09-20 01:34:25.460'),
('5', '2', '5', NULL, '0', '2024-09-21 01:56:11.930', '2024-09-21 01:56:11.930'),
('6', '3', '1', NULL, '0', '2024-09-21 16:03:42.547', '2024-09-21 16:03:42.547'),
('7', '3', '2', NULL, '0', '2024-10-01 17:42:58.050', '2024-10-01 17:42:58.050'),
('8', '3', '3', NULL, '0', '2024-10-01 17:43:09.517', '2024-10-01 17:43:09.517'),
('9', '3', '4', NULL, '0', '2024-10-01 17:43:20.757', '2024-10-01 17:43:20.757'),
('10', '4', '1', NULL, '0', '2024-10-08 12:07:53.210', '2024-10-08 12:07:53.210'),
('11', '4', '2', NULL, '0', '2024-10-08 12:08:13.713', '2024-10-08 12:08:13.713'),
('12', '4', '3', NULL, '0', '2024-10-08 12:08:23.727', '2024-10-08 12:08:23.727'),
('13', '4', '4', NULL, '0', '2024-10-08 12:09:40.300', '2024-10-08 12:09:40.300'),
('14', '5', '1', NULL, '0', '2024-10-08 12:10:07.347', '2024-10-08 12:10:07.347'),
('15', '5', '2', NULL, '0', '2024-10-08 12:10:19.630', '2024-10-08 12:10:19.630'),
('16', '5', '3', NULL, '0', '2024-10-08 12:10:30.480', '2024-10-08 12:10:30.480'),
('17', '5', '4', NULL, '0', '2024-10-08 12:10:54.697', '2024-10-08 12:10:54.697'),
('18', '6', '1', NULL, '0', '2024-10-08 12:11:10.700', '2024-10-08 12:11:10.700'),
('19', '6', '2', NULL, '0', '2024-10-08 12:11:23.223', '2024-10-08 12:11:23.223'),
('20', '6', '3', NULL, '0', '2024-10-08 12:11:32.673', '2024-10-08 12:11:32.673'),
('21', '6', '4', NULL, '0', '2024-10-08 12:11:49.547', '2024-10-08 12:11:49.547'),
('22', '7', '1', NULL, '0', '2024-10-08 12:12:00.133', '2024-10-08 12:12:00.133'),
('23', '7', '2', NULL, '0', '2024-10-08 12:12:09.747', '2024-10-08 12:12:09.747'),
('24', '7', '3', NULL, '0', '2024-10-08 12:12:19.400', '2024-10-08 12:12:19.400'),
('25', '7', '4', NULL, '0', '2024-10-08 12:12:32.483', '2024-10-08 12:12:32.483'),
('26', '8', '1', NULL, '0', '2024-10-08 12:12:50.067', '2024-10-08 12:12:50.067'),
('27', '8', '2', NULL, '0', '2024-10-08 12:13:10.140', '2024-10-08 12:13:10.140'),
('28', '8', '3', NULL, '0', '2024-10-08 12:13:25.720', '2024-10-08 12:13:25.720'),
('29', '8', '4', NULL, '0', '2024-10-08 12:13:34.597', '2024-10-08 12:13:34.597'),
('30', '9', '4', NULL, '0', '2024-10-08 12:13:46.070', '2024-10-08 12:13:46.070'),
('31', '9', '3', NULL, '0', '2024-10-08 12:13:55.353', '2024-10-08 12:13:55.353'),
('32', '9', '2', NULL, '0', '2024-10-08 12:14:11.433', '2024-10-08 12:14:11.433'),
('33', '9', '1', NULL, '0', '2024-10-08 12:14:24.087', '2024-10-08 12:14:24.087'),
('34', '10', '1', NULL, '0', '2024-10-08 12:14:49.533', '2024-10-08 12:14:49.533'),
('35', '10', '2', NULL, '0', '2024-10-08 12:15:03.310', '2024-10-08 12:15:03.310'),
('36', '10', '3', NULL, '0', '2024-10-08 12:15:12.553', '2024-10-08 12:15:12.553'),
('37', '10', '4', NULL, '0', '2024-10-08 12:15:26.553', '2024-10-08 12:15:26.553'),
('38', '11', '1', NULL, '0', '2024-10-08 12:15:56.960', '2024-10-08 12:15:56.960'),
('39', '11', '2', NULL, '0', '2024-10-08 12:16:08.380', '2024-10-08 12:16:08.380'),
('40', '11', '3', NULL, '0', '2024-10-08 12:16:18.130', '2024-10-08 12:16:18.130'),
('41', '11', '4', NULL, '0', '2024-10-08 12:16:28.060', '2024-10-08 12:16:28.060'),
('42', '12', '1', NULL, '0', '2024-10-08 12:16:41.240', '2024-10-08 12:16:41.240'),
('43', '12', '2', NULL, '0', '2024-10-08 12:16:50.003', '2024-10-08 12:16:50.003'),
('44', '12', '3', NULL, '0', '2024-10-08 12:16:59.547', '2024-10-08 12:16:59.547'),
('45', '12', '4', NULL, '0', '2024-10-08 12:17:09.667', '2024-10-08 12:17:09.667'),
('46', '13', '1', NULL, '0', '2024-10-08 12:18:45.760', '2024-10-08 12:18:45.760'),
('47', '13', '2', NULL, '0', '2024-10-08 12:18:58.657', '2024-10-08 12:18:58.657'),
('48', '13', '3', NULL, '0', '2024-10-08 12:19:07.233', '2024-10-08 12:19:07.233'),
('49', '13', '4', NULL, '0', '2024-10-08 12:19:16.980', '2024-10-08 12:19:16.980'),
('50', '14', '1', NULL, '0', '2024-10-08 12:35:32.220', '2024-10-08 12:35:32.220'),
('51', '14', '2', NULL, '0', '2024-10-08 12:35:42.027', '2024-10-08 12:35:42.027'),
('52', '14', '3', NULL, '0', '2024-10-08 12:35:53.410', '2024-10-08 12:35:53.410'),
('53', '14', '4', NULL, '0', '2024-10-08 12:36:02.137', '2024-10-08 12:36:02.137'),
('54', '15', '1', NULL, '0', '2024-10-08 12:36:14.613', '2024-10-08 12:36:14.613'),
('55', '15', '2', NULL, '0', '2024-10-08 12:36:22.483', '2024-10-08 12:36:22.483'),
('56', '15', '3', NULL, '0', '2024-10-08 12:36:31.250', '2024-10-08 12:36:31.250'),
('57', '15', '4', NULL, '0', '2024-10-08 12:36:42.747', '2024-10-08 12:36:42.747');
SET IDENTITY_INSERT [dbo].[elementos_componente] OFF 