-- -------------------------------------------------------------
-- Table: marca
-- -------------------------------------------------------------

SET IDENTITY_INSERT [dbo].[marca] ON
INSERT INTO [dbo].[marca] ([idMarca], [marca]) VALUES
('1', N'AMG'),
('2', N'NOV'),
('3', N'OTRA'),
('4', N'SW'),
('5', N'SW - BULLDOG'),
('6', N'SW - PITBULL'),
('7', N'NOV 9700602WL');
SET IDENTITY_INSERT [dbo].[marca] OFF

-- -------------------------------------------------------------
-- Table: diametro
-- -------------------------------------------------------------

SET IDENTITY_INSERT [dbo].[diametro] ON
INSERT INTO [dbo].[diametro] ([idDiametro], [diametro]) VALUES
('1', N'4 1/2"'),
('2', N'4 3/4"'),
('3', N'5"'),
('4', N'5 1/2"'),
('5', N'6"'),
('6', N'6 1/2"'),
('7', N'7"');
SET IDENTITY_INSERT [dbo].[diametro] OFF

-- -------------------------------------------------------------
-- Table: pieza
-- -------------------------------------------------------------

SET IDENTITY_INSERT [dbo].[pieza] ON
INSERT INTO [dbo].[pieza] ([idPieza], [tipo], [codigo], [hsMin], [hsMax], [serie], [nroPieza], [diametro]) VALUES
('1', N'CAMISA', N'PPNO 05466-XXX', '800', '1200', '1', '1', '1'),
('5', N'PISTON', N'PPAM EAGLE-XX', '250', '400', '0', '5', '1'),
('13', N'VALVULA', N'PPAM EAGLE-XX', '500', '1200', '0', '13', '0'),
('15', N'RESORTE', N'PPNO 8201684', '500', '1200', '0', '15', '0'),
('16', N'ASIENTO', N'PPNO 9702555', '500', '1200', '0', '16', '0'),
('17', N'RESORTE', NULL, '200', '400', '0', '1', '0'),
('18', N'INSERTO', NULL, '100', '200', '0', '4', '0'),
('19', N'VALVULA', NULL, '100', '200', '0', '5', '0'),
('20', N'ASIENTO', NULL, '200', '400', '0', '6', '0'),
('21', N'EMPAQUETADURA', NULL, '100', '200', '0', '12', '0'),
('22', N'CAMISA', NULL, '200', '400', '0', '8', '1'),
('23', N'CUERPO PISTON', NULL, '70', '140', '0', '10', '1'),
('24', N'GOMA PISTON NEGRA', NULL, '35', '70', '0', '11', '1'),
('25', N'GOMA PISTON ROJA', NULL, '35', '70', '0', '11', '1'),
('26', N'GOMA PISTON BLANCA', NULL, '35', '70', '0', '11', '1'),
('27', N'EMPAQUETADURA', NULL, '4000', '5000', '0', '4', '0'),
('28', N'O''RING MANIFOLD', NULL, '2000', '3000', '0', '33', '0'),
('29', N'CAMISA', NULL, '800', '1200', '1', '12', '1'),
('30', N'PISTON', NULL, '250', '400', '0', '13', '1'),
('31', N'VALVULA', NULL, '500', '1200', '0', '33', '0'),
('32', N'ASIENTO', NULL, '500', '1200', '0', '34', '0'),
('33', N'RESORTE', NULL, '500', '1200', '0', '35', '0'),
('34', N'PLATO DESGASTE', NULL, '800', '1200', '0', '3', '0');
SET IDENTITY_INSERT [dbo].[pieza] OFF

-- -------------------------------------------------------------
-- Table: item
-- -------------------------------------------------------------

INSERT INTO [dbo].[item] ([inv_item], [descr], [idPieza], [idDiametro]) VALUES
(N'02060568N', N'Resorte Vva.F.O 10P130/12P160', '15', NULL),
(N'02060582N', N'Asiento F.O.API 6 NOV FD1600 HP', '16', NULL),
(N'02060583N', N'Valvula Completa F.O Insert Bco.API.6', '13', NULL),
(N'02090171N', N'Piston 4.1/2" x 1.5/8" White Light Misson', '5', '1'),
(N'02090172N', N'Piston 5" x 1.5/8" White Light Misson', '5', '3'),
(N'02090173N', N'Piston 5.1/2" x 1.5/8" White Light Misson', '5', '4'),
(N'02090174N', N'Piston 6" x 1.5/8" White Light Misson', '5', '5'),
(N'02090176N', N'Piston 6.1/2" x 1.5/8" White Light Misson', '5', '6'),
(N'02090187N', N'Piston 4.1/2"x1.5/8" White XT Mission', '5', '1'),
(N'02090188N', N'Piston 5" x 1.5/8" White XT Mission', '5', '3'),
(N'02090189N', N'Piston 5.1/2" x 1.5/8" White XT Mission', '5', '4'),
(N'02090190N', N'Piston 6" x 1.5/8" White XT Mission', '5', '5'),
(N'02090192N', N'Piston 6.1/2" x1.5/8" White XT Mission', '5', '6'),
(N'02090194N', N'Piston 4.3/4" x 1.5/8" BullDog', '5', '2'),
(N'02090195N', N'Piston 4.1/2" x 1.5/8" BullDog', '5', '1'),
(N'02090196N', N'Piston 5" x 1.5/8" BullDog', '5', '3'),
(N'02090197N', N'Piston 5.1/2" x 1.5/8" BullDog', '5', '4'),
(N'02090198N', N'Piston 6" x 1.5/8" BullDog', '5', '5'),
(N'02090199N', N'Piston 6.1/2" x 1.5/8" BullDog', '5', '6'),
(N'02090200N', N'Piston 7" x 1.5/8" BullDog', '5', '7'),
(N'02090202N', N'Piston 4.1/2" x 1.5/8" Pitbull', '5', '1'),
(N'02090203N', N'Piston 4.3/4" x 1.5/8" Pitbull', '5', '2'),
(N'02170518N', N'Camisa HP 6.1/2" Nat.12P160', '1', '6'),
(N'02170530N', N'Camisa HP 5.1/2" Nat.12P160', '1', '4'),
(N'02170582N', N'Camisa HP 4.3/4" Nat. 12P160', '1', '2'),
(N'02170583N', N'Camisa HP 5" Nat. 12P160', '1', '3'),
(N'02170584N', N'Camisa HP 4.1/2" Nat. 12P160', '1', '1'),
(N'02170724N', N'Camisa HP 6" Nat.12P160', '1', '5');

-- -------------------------------------------------------------
-- Table: perforador
-- -------------------------------------------------------------

INSERT INTO [dbo].[perforador] ([perforador], [tipoBomba], [cantBombas], [unidadNegocio], [distributionType]) VALUES
(N'156', N'LEWCO', '2', N'SILA2', N'EQ_PERF156'),
(N'157', N'PZ', '2', N'SILA2', N'EQ_PERF157'),
(N'160', N'BOMCO', '2', N'SILA2', N'EQ_PERF160'),
(N'163', N'FD1600', '3', N'SILA2', N'EQ_PERF163'),
(N'165', N'FD1600', '3', N'ARCNQ', N'EQ_PERF165'),
(N'166', N'FD1600', '3', N'ARCNQ', N'EQ_PERF166'),
(N'167', N'FD1600', '3', N'ARCNQ', N'EQ_PERF167'),
(N'168', N'FD1600', '3', N'ARCNQ', N'EQ_PERF168'),
(N'169', N'FD1600', '3', N'ARCNQ', N'EQ_PERF169'),
(N'170', N'FD1600', '3', N'ARCNQ', N'EQ_PERF170');

-- -------------------------------------------------------------
-- Table: piezaPerforador
-- -------------------------------------------------------------

SET IDENTITY_INSERT [dbo].[piezaPerforador] ON
INSERT INTO [dbo].[piezaPerforador] ([idPiezaPerforador], [idPieza], [perforador], [stock], [reposicion]) VALUES
('1', '1', N'165', '5', '5'),
('2', '5', N'165', '5', '5'),
('3', '13', N'165', '5', '5'),
('4', '15', N'165', '5', '5'),
('5', '16', N'165', '5', '5'),
('6', '1', N'170', '5', '5'),
('7', '5', N'170', '5', '5'),
('8', '13', N'170', '5', '5'),
('9', '15', N'170', '5', '5'),
('10', '16', N'170', '5', '5'),
('11', '1', N'169', '5', '5'),
('12', '5', N'169', '5', '5'),
('13', '13', N'169', '5', '5'),
('14', '15', N'169', '5', '5'),
('15', '16', N'169', '5', '5'),
('16', '1', N'168', '5', '5'),
('17', '5', N'168', '5', '5'),
('18', '13', N'168', '5', '5'),
('19', '15', N'168', '5', '5'),
('20', '16', N'168', '5', '5'),
('21', '1', N'167', '5', '5'),
('22', '5', N'167', '5', '5'),
('23', '13', N'167', '5', '5'),
('24', '15', N'167', '5', '5'),
('25', '16', N'167', '5', '5'),
('26', '1', N'166', '5', '5'),
('27', '5', N'166', '5', '5'),
('28', '13', N'166', '5', '5'),
('29', '15', N'166', '5', '5'),
('30', '16', N'166', '5', '5'),
('31', '29', N'163', '5', '5'),
('32', '30', N'163', '5', '5'),
('33', '31', N'163', '5', '5'),
('34', '33', N'163', '5', '5'),
('35', '32', N'163', '5', '5'),
('36', '17', N'160', '5', '5'),
('37', '18', N'160', '5', '5'),
('38', '19', N'160', '5', '5'),
('39', '20', N'160', '5', '5'),
('40', '21', N'160', '5', '5'),
('41', '22', N'160', '5', '5'),
('42', '23', N'160', '5', '5'),
('43', '24', N'160', '5', '5'),
('44', '25', N'160', '5', '5'),
('45', '26', N'160', '5', '5'),
('46', '17', N'157', '5', '5'),
('47', '18', N'157', '5', '5'),
('48', '19', N'157', '5', '5'),
('49', '20', N'157', '5', '5'),
('50', '21', N'157', '5', '5'),
('51', '22', N'157', '5', '5'),
('52', '23', N'157', '5', '5'),
('53', '24', N'157', '5', '5'),
('54', '25', N'157', '5', '5'),
('55', '26', N'157', '5', '5'),
('56', '17', N'156', '5', '5'),
('57', '18', N'156', '5', '5'),
('58', '19', N'156', '5', '5'),
('59', '20', N'156', '5', '5'),
('60', '21', N'156', '5', '5'),
('61', '22', N'156', '5', '5'),
('62', '23', N'156', '5', '5'),
('63', '24', N'156', '5', '5'),
('64', '25', N'156', '5', '5'),
('65', '26', N'156', '5', '5'),
('66', '1', N'001', '5', '5'),
('67', '5', N'001', '5', '5'),
('68', '13', N'001', '5', '5'),
('69', '15', N'001', '5', '5'),
('70', '16', N'001', '5', '5'),
('71', '1', N'166', '5', '5'),
('72', '5', N'166', '5', '5'),
('73', '13', N'166', '5', '5'),
('74', '15', N'166', '5', '5'),
('75', '16', N'166', '5', '5'),
('76', '1', N'169', '5', '5'),
('77', '5', N'169', '5', '5'),
('78', '13', N'169', '5', '5'),
('79', '15', N'169', '5', '5'),
('80', '16', N'169', '5', '5'),
('81', '27', N'165', '5', '5'),
('82', '28', N'165', '5', '5'),
('83', '34', N'165', '12', '12'),
('84', '34', N'166', '12', '12'),
('85', '34', N'167', '12', '12'),
('86', '34', N'168', '12', '12'),
('87', '34', N'169', '12', '12'),
('88', '34', N'170', '12', '12'),
('89', '34', N'1', '12', '12');
SET IDENTITY_INSERT [dbo].[piezaPerforador] OFF

-- -------------------------------------------------------------
-- Table: piezaDiametro
-- -------------------------------------------------------------

SET IDENTITY_INSERT [dbo].[piezaDiametro] ON
INSERT INTO [dbo].[piezaDiametro] ([idPiezaDiametro], [idPieza], [idDiametro]) VALUES
('1', '1', '1'),
('2', '1', '2'),
('3', '1', '3'),
('4', '1', '4'),
('5', '1', '5'),
('6', '1', '6'),
('7', '5', '1'),
('8', '5', '2'),
('9', '5', '3'),
('10', '5', '4'),
('11', '5', '5'),
('12', '5', '6'),
('13', '22', '3'),
('14', '22', '4'),
('15', '22', '5'),
('16', '22', '6'),
('17', '22', '7'),
('18', '23', '3'),
('19', '23', '4'),
('20', '23', '5'),
('21', '23', '6'),
('22', '23', '7'),
('23', '24', '3'),
('24', '24', '4'),
('25', '24', '5'),
('26', '24', '6'),
('27', '24', '7'),
('28', '25', '3'),
('29', '25', '4'),
('30', '25', '5'),
('31', '25', '6'),
('32', '25', '7'),
('33', '26', '3'),
('34', '26', '4'),
('35', '26', '5'),
('36', '26', '6'),
('37', '26', '7'),
('38', '29', '1'),
('39', '29', '2'),
('40', '29', '3'),
('41', '29', '4'),
('42', '29', '5'),
('43', '29', '6'),
('44', '30', '1'),
('45', '30', '2'),
('46', '30', '3'),
('47', '30', '4'),
('48', '30', '5'),
('49', '30', '6');
SET IDENTITY_INSERT [dbo].[piezaDiametro] OFF

-- -------------------------------------------------------------
-- Table: perforadorPieza
-- -------------------------------------------------------------

SET IDENTITY_INSERT [dbo].[perforadorPieza] ON
INSERT INTO [dbo].[perforadorPieza] ([idPerforadorPieza], [perforador], [idPieza], [hs], [hsInst], [serie], [enUso], [baja], [motivo], [bomba], [cuerpo], [modulo], [idMarca], [idDiametro]) VALUES
('1', N'165', '5', '0.0', '0.0', N'', '0', '0', NULL, '1', '1', N'0', '2', '5'),
('2', N'165', '1', '2127.1', '4706.4', N'8', '1', '0', NULL, '1', '1', N'', '2', '1'),
('3', N'165', '15', '2103.6', '4934.0', N'', '1', '0', NULL, '2', '1', N'DESCARGA', NULL, NULL),
('4', N'165', '15', '2103.6', '4934.0', N'', '1', '0', NULL, '2', '1', N'SUCCION', NULL, NULL),
('5', N'165', '16', '2039.2', '4706.4', N'', '1', '0', NULL, '1', '1', N'DESCARGA', NULL, NULL),
('6', N'165', '16', '1996.6', '4706.4', N'', '1', '0', NULL, '1', '2', N'SUCCION', NULL, NULL),
('7', N'165', '16', '1996.6', '4706.4', N'', '1', '0', NULL, '1', '3', N'SUCCION', NULL, NULL),
('8', N'160', '20', '793.9', '1579.9', NULL, '1', '0', NULL, '1', '2', N'SUPERIOR', '3', NULL),
('9', N'160', '20', '793.9', '1579.9', NULL, '1', '0', NULL, '1', '2', N'INFERIOR', '3', NULL),
('10', N'160', '17', '793.9', '1579.9', NULL, '1', '0', NULL, '1', '2', N'INFERIOR', '3', NULL),
('11', N'160', '18', '793.9', '1579.9', NULL, '1', '0', NULL, '1', '2', N'INFERIOR', '3', NULL),
('12', N'160', '19', '793.9', '1579.9', NULL, '1', '0', NULL, '1', '2', N'SUPERIOR', '3', NULL),
('13', N'160', '17', '793.9', '1579.9', NULL, '1', '0', NULL, '1', '2', N'SUPERIOR', '3', NULL),
('14', N'160', '18', '793.9', '1579.9', NULL, '1', '0', NULL, '1', '2', N'SUPERIOR', '3', NULL),
('15', N'160', '19', '793.9', '1579.9', NULL, '1', '0', NULL, '1', '2', N'INFERIOR', '3', NULL),
('16', N'160', '21', '793.9', '1579.9', NULL, '1', '0', NULL, '1', '2', N'SUP/INF', '3', NULL),
('17', N'160', '20', '793.9', '1579.9', NULL, '1', '0', NULL, '1', '3', N'SUPERIOR', '3', NULL),
('18', N'160', '20', '793.9', '1579.9', NULL, '1', '0', NULL, '1', '3', N'INFERIOR', '3', NULL),
('19', N'160', '17', '793.9', '1579.9', NULL, '1', '0', NULL, '1', '3', N'INFERIOR', '3', NULL),
('20', N'160', '18', '793.9', '1579.9', NULL, '1', '0', NULL, '1', '3', N'INFERIOR', '3', NULL),
('21', N'160', '19', '793.9', '1579.9', NULL, '1', '0', NULL, '1', '3', N'SUPERIOR', '3', NULL),
('22', N'160', '17', '793.9', '1579.9', NULL, '1', '0', NULL, '1', '3', N'SUPERIOR', '3', NULL),
('23', N'160', '18', '793.9', '1579.9', NULL, '1', '0', NULL, '1', '3', N'SUPERIOR', '3', NULL),
('24', N'160', '19', '793.9', '1579.9', NULL, '1', '0', NULL, '1', '3', N'INFERIOR', '3', NULL),
('25', N'160', '21', '793.9', '1579.9', NULL, '1', '0', NULL, '1', '3', N'SUP/INF', '3', NULL),
('26', N'160', '20', '1925.9', '2698.9', NULL, '1', '0', NULL, '2', '1', N'SUPERIOR', '3', NULL),
('27', N'160', '20', '1925.9', '2698.9', NULL, '1', '0', NULL, '2', '1', N'INFERIOR', '3', NULL),
('28', N'160', '17', '1925.9', '2698.9', NULL, '1', '0', NULL, '2', '1', N'INFERIOR', '3', NULL),
('29', N'160', '18', '1925.9', '2698.9', NULL, '1', '0', NULL, '2', '1', N'INFERIOR', '3', NULL),
('30', N'160', '19', '1925.9', '2698.9', NULL, '1', '0', NULL, '2', '1', N'SUPERIOR', '3', NULL),
('31', N'160', '17', '1925.9', '2698.9', NULL, '1', '0', NULL, '2', '1', N'SUPERIOR', '3', NULL),
('32', N'160', '18', '1925.9', '2698.9', NULL, '1', '0', NULL, '2', '1', N'SUPERIOR', '3', NULL),
('33', N'160', '19', '1925.9', '2698.9', NULL, '1', '0', NULL, '2', '1', N'INFERIOR', '3', NULL),
('34', N'160', '21', '1925.9', '2698.9', NULL, '1', '0', NULL, '2', '1', N'SUP/INF', '3', NULL),
('35', N'160', '20', '1925.9', '2698.9', NULL, '1', '0', NULL, '2', '2', N'SUPERIOR', '3', NULL),
('36', N'160', '20', '1925.9', '2698.9', NULL, '1', '0', NULL, '2', '2', N'INFERIOR', '3', NULL),
('37', N'160', '17', '1925.9', '2698.9', NULL, '1', '0', NULL, '2', '2', N'INFERIOR', '3', NULL),
('38', N'160', '18', '1925.9', '2698.9', NULL, '1', '0', NULL, '2', '2', N'INFERIOR', '3', NULL),
('39', N'160', '19', '1925.9', '2698.9', NULL, '1', '0', NULL, '2', '2', N'SUPERIOR', '3', NULL),
('40', N'160', '17', '1925.9', '2698.9', NULL, '1', '0', NULL, '2', '2', N'SUPERIOR', '3', NULL),
('41', N'160', '18', '1925.9', '2698.9', NULL, '1', '0', NULL, '2', '2', N'SUPERIOR', '3', NULL),
('42', N'160', '19', '1925.9', '2698.9', NULL, '1', '0', NULL, '2', '2', N'INFERIOR', '3', NULL),
('43', N'160', '21', '1925.9', '2698.9', NULL, '1', '0', NULL, '2', '2', N'SUP/INF', '3', NULL),
('44', N'160', '20', '1925.9', '2698.9', NULL, '1', '0', NULL, '2', '3', N'SUPERIOR', '3', NULL),
('45', N'160', '20', '1925.9', '2698.9', NULL, '1', '0', NULL, '2', '3', N'INFERIOR', '3', NULL),
('46', N'160', '17', '1925.9', '2698.9', NULL, '1', '0', NULL, '2', '3', N'INFERIOR', '3', NULL),
('47', N'160', '18', '1925.9', '2698.9', NULL, '1', '0', NULL, '2', '3', N'INFERIOR', '3', NULL),
('48', N'160', '19', '1925.9', '2698.9', NULL, '1', '0', NULL, '2', '3', N'SUPERIOR', '3', NULL),
('49', N'160', '17', '1925.9', '2698.9', NULL, '1', '0', NULL, '2', '3', N'SUPERIOR', '3', NULL),
('50', N'160', '18', '1925.9', '2698.9', NULL, '1', '0', NULL, '2', '3', N'SUPERIOR', '3', NULL),
('51', N'160', '19', '1925.9', '2698.9', NULL, '1', '0', NULL, '2', '3', N'INFERIOR', '3', NULL),
('52', N'160', '21', '1925.9', '2698.9', NULL, '1', '0', NULL, '2', '3', N'SUP/INF', '3', NULL),
('53', N'157', '20', '965.7', '1394.2', NULL, '1', '0', NULL, '1', '1', N'SUPERIOR', '3', NULL),
('54', N'157', '22', '965.7', '1394.2', NULL, '1', '0', NULL, '1', '1', NULL, '3', '3'),
('55', N'157', '20', '965.7', '1394.2', NULL, '1', '0', NULL, '1', '1', N'INFERIOR', '3', NULL),
('56', N'157', '23', '965.7', '1394.2', NULL, '1', '0', NULL, '1', '1', NULL, '3', '3'),
('57', N'157', '17', '965.7', '1394.2', NULL, '1', '0', NULL, '1', '1', N'INFERIOR', '3', NULL),
('58', N'157', '18', '965.7', '1394.2', NULL, '1', '0', NULL, '1', '1', N'INFERIOR', '3', NULL),
('59', N'157', '19', '965.7', '1394.2', NULL, '1', '0', NULL, '1', '1', N'SUPERIOR', '3', NULL),
('60', N'157', '18', '965.7', '1394.2', NULL, '1', '0', NULL, '1', '1', N'SUPERIOR', '3', NULL),
('61', N'157', '19', '965.7', '1394.2', NULL, '1', '0', NULL, '1', '1', N'INFERIOR', '3', NULL),
('62', N'157', '21', '965.7', '1394.2', NULL, '1', '0', NULL, '1', '1', N'SUP/INF', '3', NULL),
('63', N'157', '20', '965.7', '1394.2', NULL, '1', '0', NULL, '1', '2', N'SUPERIOR', '3', NULL),
('64', N'157', '22', '965.7', '1394.2', NULL, '1', '0', NULL, '1', '2', NULL, '3', '3'),
('65', N'157', '20', '965.7', '1394.2', NULL, '1', '0', NULL, '1', '2', N'INFERIOR', '3', NULL),
('66', N'157', '23', '965.7', '1394.2', NULL, '1', '0', NULL, '1', '2', NULL, '3', '3'),
('67', N'157', '17', '965.7', '1394.2', NULL, '1', '0', NULL, '1', '2', N'INFERIOR', '3', NULL),
('68', N'157', '18', '965.7', '1394.2', NULL, '1', '0', NULL, '1', '2', N'INFERIOR', '3', NULL),
('69', N'157', '19', '965.7', '1394.2', NULL, '1', '0', NULL, '1', '2', N'SUPERIOR', '3', NULL),
('70', N'157', '17', '965.7', '1394.2', NULL, '1', '0', NULL, '1', '2', N'SUPERIOR', '3', NULL),
('71', N'157', '18', '965.7', '1394.2', NULL, '1', '0', NULL, '1', '2', N'SUPERIOR', '3', NULL),
('72', N'157', '19', '965.7', '1394.2', NULL, '1', '0', NULL, '1', '2', N'INFERIOR', '3', NULL),
('73', N'157', '21', '965.7', '1394.2', NULL, '1', '0', NULL, '1', '2', N'SUP/INF', '3', NULL),
('74', N'157', '22', '965.7', '1394.2', NULL, '1', '0', NULL, '1', '3', NULL, '3', '3'),
('75', N'157', '23', '965.7', '1394.2', NULL, '1', '0', NULL, '1', '3', NULL, '3', '3'),
('76', N'157', '17', '965.7', '1394.2', NULL, '1', '0', NULL, '1', '3', N'INFERIOR', '3', NULL),
('77', N'157', '18', '965.7', '1394.2', NULL, '1', '0', NULL, '1', '3', N'INFERIOR', '3', NULL),
('78', N'157', '19', '965.7', '1394.2', NULL, '1', '0', NULL, '1', '3', N'SUPERIOR', '3', NULL),
('79', N'157', '17', '965.7', '1394.2', NULL, '1', '0', NULL, '1', '3', N'SUPERIOR', '3', NULL),
('80', N'157', '18', '965.7', '1394.2', NULL, '1', '0', NULL, '1', '3', N'SUPERIOR', '3', NULL),
('81', N'157', '19', '965.7', '1394.2', NULL, '1', '0', NULL, '1', '3', N'INFERIOR', '3', NULL),
('82', N'157', '21', '965.7', '1394.2', NULL, '1', '0', NULL, '1', '3', N'SUP/INF', '3', NULL),
('83', N'157', '20', '1407.7', '1338.3', NULL, '1', '0', NULL, '2', '1', N'SUPERIOR', '3', NULL),
('84', N'157', '20', '1407.7', '1338.3', NULL, '1', '0', NULL, '2', '1', N'INFERIOR', '3', NULL),
('85', N'157', '23', '1407.7', '1338.3', NULL, '1', '0', NULL, '2', '1', NULL, '3', '3'),
('86', N'157', '17', '1407.7', '1338.3', NULL, '1', '0', NULL, '2', '1', N'INFERIOR', '3', NULL),
('87', N'157', '18', '1407.7', '1338.3', NULL, '1', '0', NULL, '2', '1', N'INFERIOR', '3', NULL),
('88', N'157', '19', '1407.7', '1338.3', NULL, '1', '0', NULL, '2', '1', N'SUPERIOR', '3', NULL),
('89', N'157', '18', '1407.7', '1338.3', NULL, '1', '0', NULL, '2', '1', N'SUPERIOR', '3', NULL),
('90', N'157', '19', '1407.7', '1338.3', NULL, '1', '0', NULL, '2', '1', N'INFERIOR', '3', NULL),
('91', N'157', '24', '1407.7', '1338.3', NULL, '1', '0', NULL, '2', '1', NULL, '3', '3'),
('92', N'157', '21', '1407.7', '1338.3', NULL, '1', '0', NULL, '2', '1', N'SUP/INF', '3', NULL),
('93', N'157', '20', '1407.7', '1338.3', NULL, '1', '0', NULL, '2', '2', N'SUPERIOR', '3', NULL),
('94', N'157', '22', '1407.7', '1338.3', NULL, '1', '0', NULL, '2', '2', NULL, '3', '3'),
('95', N'157', '20', '1407.7', '1338.3', NULL, '1', '0', NULL, '2', '2', N'INFERIOR', '3', NULL),
('96', N'157', '23', '1407.7', '1338.3', NULL, '1', '0', NULL, '2', '2', NULL, '3', '3'),
('97', N'157', '17', '1407.7', '1338.3', NULL, '1', '0', NULL, '2', '2', N'INFERIOR', '3', NULL),
('98', N'157', '18', '1407.7', '1338.3', NULL, '1', '0', NULL, '2', '2', N'INFERIOR', '3', NULL),
('99', N'157', '19', '1407.7', '1338.3', NULL, '1', '0', NULL, '2', '2', N'SUPERIOR', '3', NULL),
('100', N'157', '17', '1407.7', '1338.3', NULL, '1', '0', NULL, '2', '2', N'SUPERIOR', '3', NULL),
('101', N'157', '18', '1407.7', '1338.3', NULL, '1', '0', NULL, '2', '2', N'SUPERIOR', '3', NULL),
('102', N'157', '19', '1407.7', '1338.3', NULL, '1', '0', NULL, '2', '2', N'INFERIOR', '3', NULL),
('103', N'157', '24', '1407.7', '1338.3', NULL, '1', '0', NULL, '2', '2', NULL, '3', '3'),
('104', N'157', '21', '1407.7', '1338.3', NULL, '1', '0', NULL, '2', '2', N'SUP/INF', '3', NULL),
('105', N'157', '22', '1407.7', '1338.3', NULL, '1', '0', NULL, '2', '3', NULL, '3', '3'),
('106', N'157', '23', '1407.7', '1338.3', NULL, '1', '0', NULL, '2', '3', NULL, '3', '3'),
('107', N'157', '17', '1407.7', '1338.3', NULL, '1', '0', NULL, '2', '3', N'INFERIOR', '3', NULL),
('108', N'157', '18', '1407.7', '1338.3', NULL, '1', '0', NULL, '2', '3', N'INFERIOR', '3', NULL),
('109', N'157', '19', '1407.7', '1338.3', NULL, '1', '0', NULL, '2', '3', N'SUPERIOR', '3', NULL),
('110', N'157', '17', '1407.7', '1338.3', NULL, '1', '0', NULL, '2', '3', N'SUPERIOR', '3', NULL),
('111', N'157', '18', '1407.7', '1338.3', NULL, '1', '0', NULL, '2', '3', N'SUPERIOR', '3', NULL),
('112', N'157', '19', '1407.7', '1338.3', NULL, '1', '0', NULL, '2', '3', N'INFERIOR', '3', NULL),
('113', N'157', '24', '1407.7', '1338.3', NULL, '1', '0', NULL, '2', '3', NULL, '3', '3'),
('114', N'157', '21', '1407.7', '1338.3', NULL, '1', '0', NULL, '2', '3', N'SUP/INF', '3', NULL),
('115', N'156', '20', '870.4', '1415.4', NULL, '1', '0', NULL, '2', '1', N'SUPERIOR', '3', NULL),
('116', N'156', '22', '870.4', '1415.4', NULL, '1', '0', NULL, '2', '1', NULL, '3', '3'),
('117', N'156', '20', '870.4', '1415.4', NULL, '1', '0', NULL, '2', '1', N'INFERIOR', '3', NULL),
('118', N'156', '23', '870.4', '1415.4', NULL, '1', '0', NULL, '2', '1', NULL, '3', '3'),
('119', N'156', '17', '870.4', '1415.4', NULL, '1', '0', NULL, '2', '1', N'INFERIOR', '3', NULL),
('120', N'156', '18', '870.4', '1415.4', NULL, '1', '0', NULL, '2', '1', N'INFERIOR', '3', NULL),
('121', N'156', '19', '870.4', '1415.4', NULL, '1', '0', NULL, '2', '1', N'SUPERIOR', '3', NULL),
('122', N'156', '17', '870.4', '1415.4', NULL, '1', '0', NULL, '2', '1', N'SUPERIOR', '3', NULL),
('123', N'156', '18', '870.4', '1415.4', NULL, '1', '0', NULL, '2', '1', N'SUPERIOR', '3', NULL),
('124', N'156', '19', '870.4', '1415.4', NULL, '1', '0', NULL, '2', '1', N'INFERIOR', '3', NULL),
('125', N'156', '24', '870.4', '1415.4', NULL, '1', '0', NULL, '2', '1', NULL, '3', '3'),
('126', N'156', '21', '870.4', '1415.4', NULL, '1', '0', NULL, '2', '1', N'SUP/INF', '3', NULL),
('127', N'156', '20', '870.4', '1415.4', NULL, '1', '0', NULL, '2', '2', N'SUPERIOR', '3', NULL),
('128', N'156', '22', '870.4', '1415.4', NULL, '1', '0', NULL, '2', '2', NULL, '3', '3'),
('129', N'156', '20', '870.4', '1415.4', NULL, '1', '0', NULL, '2', '2', N'INFERIOR', '3', NULL),
('130', N'156', '23', '870.4', '1415.4', NULL, '1', '0', NULL, '2', '2', NULL, '3', '3'),
('131', N'156', '17', '870.4', '1415.4', NULL, '1', '0', NULL, '2', '2', N'INFERIOR', '3', NULL),
('132', N'156', '18', '870.4', '1415.4', NULL, '1', '0', NULL, '2', '2', N'INFERIOR', '3', NULL),
('133', N'156', '19', '870.4', '1415.4', NULL, '1', '0', NULL, '2', '2', N'SUPERIOR', '3', NULL),
('134', N'156', '17', '870.4', '1415.4', NULL, '1', '0', NULL, '2', '2', N'SUPERIOR', '3', NULL),
('135', N'156', '18', '870.4', '1415.4', NULL, '1', '0', NULL, '2', '2', N'SUPERIOR', '3', NULL),
('136', N'156', '19', '870.4', '1415.4', NULL, '1', '0', NULL, '2', '2', N'INFERIOR', '3', NULL),
('137', N'156', '24', '870.4', '1415.4', NULL, '1', '0', NULL, '2', '2', NULL, '3', '3'),
('138', N'156', '21', '870.4', '1415.4', NULL, '1', '0', NULL, '2', '2', N'SUP/INF', '3', NULL),
('139', N'156', '20', '870.4', '1415.4', NULL, '1', '0', NULL, '2', '3', N'SUPERIOR', '3', NULL),
('140', N'156', '22', '870.4', '1415.4', NULL, '1', '0', NULL, '2', '3', NULL, '3', '3'),
('141', N'156', '20', '870.4', '1415.4', NULL, '1', '0', NULL, '2', '3', N'INFERIOR', '3', NULL),
('142', N'156', '23', '870.4', '1415.4', NULL, '1', '0', NULL, '2', '3', NULL, '3', '3'),
('143', N'156', '17', '870.4', '1415.4', NULL, '1', '0', NULL, '2', '3', N'INFERIOR', '3', NULL),
('144', N'156', '18', '870.4', '1415.4', NULL, '1', '0', NULL, '2', '3', N'INFERIOR', '3', NULL),
('145', N'156', '19', '870.4', '1415.4', NULL, '1', '0', NULL, '2', '3', N'SUPERIOR', '3', NULL),
('146', N'156', '17', '870.4', '1415.4', NULL, '1', '0', NULL, '2', '3', N'SUPERIOR', '3', NULL),
('147', N'156', '18', '870.4', '1415.4', NULL, '1', '0', NULL, '2', '3', N'SUPERIOR', '3', NULL),
('148', N'156', '19', '870.4', '1415.4', NULL, '1', '0', NULL, '2', '3', N'INFERIOR', '3', NULL),
('149', N'156', '24', '870.4', '1415.4', NULL, '1', '0', NULL, '2', '3', NULL, '3', '3'),
('150', N'156', '21', '870.4', '1415.4', NULL, '1', '0', NULL, '2', '3', N'SUP/INF', '3', NULL),
('151', N'156', '20', '873.0', '1371.0', NULL, '1', '0', NULL, '1', '1', N'SUPERIOR', '3', NULL),
('152', N'156', '22', '873.0', '1371.0', NULL, '1', '0', NULL, '1', '1', NULL, '3', '3'),
('153', N'156', '20', '873.0', '1371.0', NULL, '1', '0', NULL, '1', '1', N'INFERIOR', '3', NULL),
('154', N'156', '23', '873.0', '1371.0', NULL, '1', '0', NULL, '1', '1', NULL, '3', '3'),
('155', N'156', '17', '873.0', '1371.0', NULL, '1', '0', NULL, '1', '1', N'INFERIOR', '3', NULL),
('156', N'156', '18', '873.0', '1371.0', NULL, '1', '0', NULL, '1', '1', N'INFERIOR', '3', NULL),
('157', N'156', '17', '873.0', '1371.0', NULL, '1', '0', NULL, '1', '1', N'SUPERIOR', '3', NULL),
('158', N'156', '18', '873.0', '1371.0', NULL, '1', '0', NULL, '1', '1', N'SUPERIOR', '3', NULL),
('159', N'156', '19', '873.0', '1371.0', NULL, '1', '0', NULL, '1', '1', N'INFERIOR', '3', NULL),
('160', N'156', '24', '873.0', '1371.0', NULL, '1', '0', NULL, '1', '1', NULL, '3', '3'),
('161', N'156', '21', '873.0', '1371.0', NULL, '1', '0', NULL, '1', '1', N'SUP/INF', '3', NULL),
('162', N'156', '20', '873.0', '1371.0', NULL, '1', '0', NULL, '1', '2', N'SUPERIOR', '3', NULL),
('163', N'156', '22', '873.0', '1371.0', NULL, '1', '0', NULL, '1', '2', NULL, '3', '3'),
('164', N'156', '20', '873.0', '1371.0', NULL, '1', '0', NULL, '1', '2', N'INFERIOR', '3', NULL),
('165', N'156', '23', '873.0', '1371.0', NULL, '1', '0', NULL, '1', '2', NULL, '3', '3'),
('166', N'156', '17', '873.0', '1371.0', NULL, '1', '0', NULL, '1', '2', N'INFERIOR', '3', NULL),
('167', N'156', '18', '873.0', '1371.0', NULL, '1', '0', NULL, '1', '2', N'INFERIOR', '3', NULL),
('168', N'156', '19', '873.0', '1371.0', NULL, '1', '0', NULL, '1', '2', N'SUPERIOR', '3', NULL),
('169', N'156', '17', '873.0', '1371.0', NULL, '1', '0', NULL, '1', '2', N'SUPERIOR', '3', NULL),
('170', N'156', '18', '873.0', '1371.0', NULL, '1', '0', NULL, '1', '2', N'SUPERIOR', '3', NULL),
('171', N'156', '19', '873.0', '1371.0', NULL, '1', '0', NULL, '1', '2', N'INFERIOR', '3', NULL),
('172', N'156', '24', '873.0', '1371.0', NULL, '1', '0', NULL, '1', '2', NULL, '3', '3'),
('173', N'156', '21', '873.0', '1371.0', NULL, '1', '0', NULL, '1', '2', N'SUP/INF', '3', NULL),
('174', N'156', '20', '873.0', '1371.0', NULL, '1', '0', NULL, '1', '3', N'SUPERIOR', '3', NULL),
('175', N'156', '22', '873.0', '1371.0', NULL, '1', '0', NULL, '1', '3', NULL, '3', '3'),
('176', N'156', '20', '873.0', '1371.0', NULL, '1', '0', NULL, '1', '3', N'INFERIOR', '3', NULL),
('177', N'156', '23', '873.0', '1371.0', NULL, '1', '0', NULL, '1', '3', NULL, '3', '3'),
('178', N'156', '17', '873.0', '1371.0', NULL, '1', '0', NULL, '1', '3', N'INFERIOR', '3', NULL),
('179', N'156', '18', '873.0', '1371.0', NULL, '1', '0', NULL, '1', '3', N'INFERIOR', '3', NULL),
('180', N'156', '19', '873.0', '1371.0', NULL, '1', '0', NULL, '1', '3', N'SUPERIOR', '3', NULL),
('181', N'156', '17', '873.0', '1371.0', NULL, '1', '0', NULL, '1', '3', N'SUPERIOR', '3', NULL),
('182', N'156', '18', '873.0', '1371.0', NULL, '1', '0', NULL, '1', '3', N'SUPERIOR', '3', NULL),
('183', N'156', '19', '873.0', '1371.0', NULL, '1', '0', NULL, '1', '3', N'INFERIOR', '3', NULL),
('184', N'156', '24', '873.0', '1371.0', NULL, '1', '0', NULL, '1', '3', NULL, '3', '3'),
('185', N'156', '21', '873.0', '1371.0', NULL, '1', '0', NULL, '1', '3', N'SUP/INF', '3', NULL),
('186', N'170', '1', '1062.4', '60.8', N'26', '1', '0', NULL, '3', '1', NULL, '3', '2'),
('187', N'170', '1', '669.4', '61.0', N'27', '0', '1', N'Rotura', '3', '3', NULL, '3', '2'),
('188', N'170', '1', '1062.4', '60.8', N'28', '1', '0', NULL, '3', '2', NULL, '3', '2'),
('189', N'170', '1', '805.5', '32.1', N'29', '1', '0', NULL, '1', '1', NULL, '3', '2'),
('190', N'170', '16', '979.5', '58.3', NULL, '1', '0', NULL, '2', '1', N'SUCCION', '3', NULL),
('191', N'170', '15', '979.5', '58.3', NULL, '1', '0', NULL, '2', '1', N'SUCCION', '3', NULL),
('192', N'170', '15', '812.5', '58.3', NULL, '1', '0', NULL, '2', '1', N'DESCARGA', '3', NULL),
('193', N'170', '1', '764.5', '32.1', N'30', '1', '0', NULL, '1', '2', NULL, '3', '2'),
('194', N'170', '16', '998.5', '58.3', NULL, '1', '0', NULL, '2', '2', N'SUCCION', '3', NULL),
('195', N'170', '15', '998.5', '58.3', NULL, '1', '0', NULL, '2', '2', N'SUCCION', '3', NULL),
('196', N'170', '15', '831.5', '58.3', NULL, '1', '0', NULL, '2', '2', N'DESCARGA', '3', NULL),
('197', N'170', '1', '411.7', '0.0', N'31', '0', '1', N'Rotura', '2', '2', NULL, '3', '2'),
('198', N'170', '16', '998.5', '58.3', NULL, '1', '0', NULL, '2', '3', N'SUCCION', '3', NULL),
('199', N'170', '1', '693.1', '60.8', N'32', '1', '0', NULL, '3', '3', NULL, '3', '2'),
('200', N'170', '16', '853.2', '60.8', NULL, '1', '0', NULL, '3', '1', N'SUCCION', '3', NULL),
('201', N'170', '15', '853.2', '60.8', NULL, '1', '0', NULL, '3', '1', N'SUCCION', '3', NULL),
('202', N'170', '1', '300.1', '12.4', N'33', '0', '0', N'Rotura', '3', '2', NULL, '3', '2'),
('203', N'001', '16', '1322.8', '829.6', NULL, '1', '0', NULL, '3', '1', N'SUCCION', '3', NULL),
('204', N'001', '13', '1487.8', '829.6', NULL, '1', '0', NULL, '3', '1', N'SUCCION', '3', NULL),
('205', N'001', '15', '1487.8', '829.6', NULL, '1', '0', NULL, '3', '1', N'SUCCION', '3', NULL),
('206', N'001', '16', '1487.8', '829.6', NULL, '1', '0', NULL, '3', '1', N'DESCARGA', '3', NULL),
('207', N'001', '13', '1487.8', '829.6', NULL, '1', '0', NULL, '3', '1', N'DESCARGA', '3', NULL),
('208', N'001', '15', '1487.8', '829.6', NULL, '1', '0', NULL, '3', '2', N'SUCCION', '3', NULL),
('209', N'001', '15', '1487.8', '829.6', NULL, '1', '0', NULL, '3', '2', N'DESCARGA', '3', NULL),
('210', N'001', '15', '1487.8', '829.6', NULL, '1', '0', NULL, '3', '3', N'SUCCION', '3', NULL),
('211', N'001', '15', '1487.8', '829.6', NULL, '1', '0', NULL, '3', '3', N'DESCARGA', '3', NULL),
('212', N'001', '1', '1982.6', '4540.9', NULL, '1', '0', NULL, '1', '1', NULL, '3', '2'),
('213', N'001', '1', '524.7', '2904.9', NULL, '0', '0', N'Rotura', '1', '2', NULL, '3', '2'),
('214', N'001', '1', '2098.8', '4540.9', NULL, '1', '0', NULL, '1', '2', NULL, '3', '2'),
('215', N'001', '1', '1685.6', '3541.0', NULL, '1', '0', NULL, '2', '1', NULL, '3', '2'),
('216', N'001', '1', '643.9', '2442.2', NULL, '0', '0', N'Rotura', '2', '2', NULL, '3', '2'),
('217', N'170', '1', '532.2', '32.1', N'1', '1', '0', NULL, '1', '3', NULL, '3', '2'),
('218', N'170', '15', '370.8', '32.1', N'', '1', '0', NULL, '1', '2', N'SUCCION', '3', NULL),
('219', N'170', '15', '370.8', '32.1', N'', '1', '0', NULL, '1', '1', N'DESCARGA', '3', NULL),
('220', N'170', '15', '370.8', '32.1', N'', '1', '0', NULL, '1', '1', N'SUCCION', '3', NULL),
('221', N'170', '15', '451.1', '58.3', N'', '1', '0', NULL, '2', '3', N'DESCARGA', '3', NULL),
('222', N'170', '15', '532.2', '32.1', N'', '1', '0', NULL, '1', '3', N'SUCCION', '3', NULL),
('223', N'170', '15', '370.8', '32.1', N'', '1', '0', NULL, '1', '2', N'DESCARGA', '3', NULL),
('224', N'170', '15', '421.2', '60.8', N'', '1', '0', NULL, '3', '1', N'DESCARGA', '3', NULL),
('225', N'170', '15', '451.1', '58.3', N'', '1', '0', NULL, '2', '3', N'SUCCION', '3', NULL),
('226', N'170', '15', '532.2', '32.1', N'', '1', '0', NULL, '1', '3', N'DESCARGA', '3', NULL),
('227', N'170', '15', '421.2', '60.8', N'', '1', '0', NULL, '3', '2', N'SUCCION', '3', NULL),
('228', N'170', '1', '0.0', '0.0', N'2', '0', '0', NULL, '0', '0', NULL, '3', '3'),
('229', N'170', '1', '0.0', '0.0', N'3', '0', '0', NULL, '0', '0', NULL, '1', '3'),
('230', N'170', '1', '155.8', '31.5', N'4', '0', '0', N'Rotura', '3', '1', NULL, '2', '5'),
('231', N'170', '5', '0.0', '0.0', N'', '0', '0', NULL, '0', '0', NULL, '5', '3'),
('232', N'170', '5', '0.0', '0.0', N'', '0', '0', NULL, '0', '0', NULL, '5', '3'),
('233', N'170', '5', '0.0', '0.0', N'', '0', '0', NULL, '0', '0', NULL, '5', '3'),
('234', N'170', '5', '0.0', '0.0', N'', '0', '0', NULL, '0', '0', NULL, '5', '3'),
('235', N'170', '5', '0.0', '0.0', N'', '0', '0', NULL, '0', '0', NULL, '5', '3'),
('236', N'170', '5', '0.0', '0.0', N'', '0', '0', NULL, '0', '0', NULL, '5', '3'),
('237', N'170', '5', '0.0', '0.0', N'', '0', '0', NULL, '0', '0', NULL, '5', '3'),
('238', N'170', '5', '0.0', '0.0', N'', '0', '0', NULL, '0', '0', NULL, '5', '3'),
('239', N'170', '5', '0.0', '0.0', N'', '0', '0', NULL, '0', '0', NULL, '5', '3'),
('240', N'170', '5', '0.0', '0.0', N'', '0', '0', NULL, '0', '0', NULL, '5', '3'),
('241', N'170', '5', '0.0', '0.0', N'', '0', '0', NULL, '0', '0', NULL, '5', '3'),
('242', N'170', '5', '0.0', '0.0', N'', '0', '0', NULL, '0', '0', NULL, '5', '3'),
('243', N'170', '5', '0.0', '0.0', N'', '0', '0', NULL, '0', '0', NULL, '5', '3'),
('244', N'170', '5', '0.0', '0.0', N'', '0', '0', NULL, '0', '0', NULL, '5', '3'),
('245', N'170', '13', '521.2', '58.3', N'', '1', '0', NULL, '2', '3', N'SUCCION', '2', NULL),
('246', N'170', '16', '425.9', '58.3', N'', '1', '0', NULL, '2', '3', N'DESCARGA', '3', NULL),
('247', N'170', '16', '411.4', '58.3', N'', '1', '0', NULL, '2', '2', N'DESCARGA', '3', NULL),
('248', N'170', '16', '0.0', '0.0', N'', '0', '0', NULL, '0', '0', NULL, '3', NULL),
('249', N'170', '16', '0.0', '0.0', N'', '0', '1', NULL, '0', '0', NULL, '3', NULL),
('250', N'170', '16', '369.6', '58.3', N'', '1', '0', NULL, '2', '1', N'DESCARGA', '3', NULL),
('251', N'170', '16', '454.0', '60.8', N'', '1', '0', NULL, '3', '1', N'DESCARGA', '3', NULL),
('252', N'170', '16', '0.0', '0.0', N'', '0', '0', NULL, '0', '0', NULL, '3', NULL),
('253', N'001', '1', '429.7', '2442.2', N'1', '0', '0', N'Rotura', '2', '3', NULL, '1', '2'),
('254', N'001', '1', '294.2', '101.5', N'2', '0', '0', N'Rotura', '3', '1', NULL, '2', '2'),
('255', N'001', '13', '1878.7', '4540.9', N'', '1', '0', NULL, '1', '1', N'SUCCION', '4', NULL),
('256', N'001', '13', '1860.0', '4540.9', N'', '1', '0', NULL, '1', '1', N'DESCARGA', '4', NULL),
('257', N'001', '13', '229.2', '2910.2', N'', '0', '1', N'Mantenimiento Preventivo', '1', '2', N'SUCCION', '4', NULL),
('258', N'001', '13', '1859.9', '4540.9', N'', '1', '0', NULL, '1', '2', N'DESCARGA', '4', NULL),
('259', N'001', '13', '1859.8', '4540.9', N'', '1', '0', NULL, '1', '3', N'SUCCION', '4', NULL),
('260', N'001', '13', '1458.7', '3541.0', N'', '1', '0', NULL, '2', '2', N'SUCCION', '4', NULL),
('261', N'001', '15', '1290.1', '829.6', N'', '1', '0', NULL, '3', '1', N'DESCARGA', '3', NULL),
('262', N'001', '15', '1878.7', '4540.9', N'', '1', '0', NULL, '1', '1', N'SUCCION', '3', NULL),
('263', N'001', '15', '1860.0', '4540.9', N'', '1', '0', NULL, '1', '1', N'DESCARGA', '3', NULL),
('264', N'001', '15', '229.2', '2910.2', N'', '0', '1', N'Mantenimiento Preventivo', '1', '2', N'DESCARGA', '3', NULL),
('265', N'001', '15', '1859.9', '4540.9', N'', '1', '0', NULL, '1', '2', N'SUCCION', '3', NULL),
('266', N'001', '15', '1859.8', '4540.9', N'', '1', '0', NULL, '1', '3', N'SUCCION', '3', NULL),
('267', N'001', '15', '1859.8', '4540.9', N'', '1', '0', NULL, '1', '3', N'DESCARGA', '3', NULL),
('268', N'001', '15', '1365.8', '3541.0', N'', '1', '0', NULL, '2', '1', N'SUCCION', '3', NULL),
('269', N'001', '16', '564.8', '2448.6', N'', '0', '1', N'Mantenimiento Preventivo', '2', '1', N'SUCCION', '4', NULL),
('270', N'001', '16', '1878.7', '4540.9', N'', '1', '0', NULL, '1', '1', N'SUCCION', '4', NULL),
('271', N'001', '16', '229.3', '2910.2', N'', '0', '1', N'Rotura', '1', '1', N'DESCARGA', '4', NULL),
('272', N'001', '16', '229.2', '2910.2', N'', '0', '1', N'Mantenimiento Preventivo', '1', '2', N'SUCCION', '4', NULL),
('273', N'001', '16', '1859.9', '4540.9', N'', '1', '0', NULL, '1', '2', N'DESCARGA', '4', NULL),
('274', N'001', '16', '1859.8', '4540.9', N'', '1', '0', NULL, '1', '3', N'SUCCION', '4', NULL),
('275', N'001', '16', '1458.7', '3541.0', N'', '1', '0', NULL, '2', '2', N'SUCCION', '4', NULL),
('276', N'001', '16', '1084.3', '829.6', N'', '1', '0', NULL, '3', '2', N'DESCARGA', '4', NULL),
('277', N'001', '16', '1420.7', '3541.0', N'', '1', '0', NULL, '2', '2', N'DESCARGA', '4', NULL),
('278', N'001', '16', '1420.7', '3541.0', N'', '1', '0', NULL, '2', '3', N'SUCCION', '4', NULL),
('279', N'001', '16', '273.4', '2448.6', N'', '0', '1', N'Mantenimiento Preventivo', '2', '1', N'DESCARGA', '4', NULL),
('280', N'001', '16', '1365.7', '3541.0', N'', '1', '0', NULL, '2', '3', N'DESCARGA', '4', NULL),
('281', N'001', '16', '1002.3', '829.6', N'', '1', '0', NULL, '3', '2', N'SUCCION', '4', NULL),
('282', N'001', '16', '1002.3', '829.6', N'', '1', '0', NULL, '3', '3', N'SUCCION', '4', NULL),
('283', N'001', '16', '1092.4', '3541.0', N'', '1', '0', NULL, '2', '1', N'DESCARGA', '4', NULL),
('284', N'001', '16', '883.7', '829.6', N'', '1', '0', NULL, '3', '3', N'DESCARGA', '4', NULL),
('285', N'001', '15', '1365.8', '3541.0', N'', '1', '0', NULL, '2', '1', N'DESCARGA', '1', NULL),
('286', N'001', '15', '1365.7', '3541.0', N'', '1', '0', NULL, '2', '2', N'SUCCION', '1', NULL),
('287', N'001', '5', '0.0', '0.0', N'', '0', '0', NULL, '0', '0', NULL, '1', '5'),
('288', N'001', '5', '0.0', '0.0', N'', '0', '0', NULL, '0', '0', NULL, '1', '5'),
('289', N'001', '5', '0.0', '0.0', N'', '0', '0', NULL, '0', '0', NULL, '1', '5'),
('290', N'001', '5', '0.0', '0.0', N'', '0', '0', NULL, '0', '0', NULL, '1', '5'),
('291', N'001', '5', '0.0', '0.0', N'', '0', '0', NULL, '0', '0', NULL, '1', '5'),
('292', N'001', '5', '0.0', '0.0', N'', '0', '0', NULL, '0', '0', NULL, '1', '5'),
('293', N'001', '5', '0.0', '0.0', N'', '0', '0', NULL, '0', '0', NULL, '1', '5'),
('294', N'001', '5', '0.0', '0.0', N'', '0', '0', NULL, '0', '0', NULL, '6', '5'),
('295', N'001', '5', '0.0', '0.0', N'', '0', '0', NULL, '0', '0', NULL, '6', '5'),
('296', N'160', '22', '1083.0', '1579.9', N'', '1', '0', NULL, '1', '2', NULL, '1', '6'),
('297', N'160', '22', '1083.0', '1579.9', N'', '1', '0', NULL, '1', '1', NULL, '1', '6'),
('298', N'160', '22', '1083.0', '1579.9', N'', '1', '0', NULL, '1', '3', NULL, '1', '6'),
('299', N'160', '22', '1935.2', '2698.9', N'', '1', '0', NULL, '2', '2', NULL, '1', '6'),
('300', N'160', '22', '2268.2', '2698.9', N'', '1', '0', NULL, '2', '3', NULL, '1', '6'),
('301', N'160', '19', '433.2', '1579.9', N'', '1', '0', NULL, '1', '1', N'INFERIOR', '3', NULL),
('302', N'160', '19', '433.2', '1579.9', N'', '1', '0', NULL, '1', '1', N'SUPERIOR', '3', NULL),
('303', N'160', '19', '0.0', '0.0', N'', '0', '0', NULL, '0', '0', NULL, '3', NULL),
('304', N'160', '19', '0.0', '0.0', N'', '0', '0', NULL, '0', '0', NULL, '3', NULL),
('305', N'160', '19', '0.0', '0.0', N'', '0', '0', NULL, '0', '0', NULL, '3', NULL),
('306', N'160', '19', '0.0', '0.0', N'', '0', '0', NULL, '0', '0', NULL, '3', NULL),
('307', N'160', '19', '0.0', '0.0', N'', '0', '0', NULL, '0', '0', NULL, '3', NULL),
('308', N'160', '19', '0.0', '0.0', N'', '0', '0', NULL, '0', '0', NULL, '3', NULL),
('309', N'160', '23', '1817.8', '2698.9', N'', '1', '0', NULL, '2', '2', NULL, '3', '6'),
('310', N'160', '23', '1817.8', '2698.9', N'', '1', '0', NULL, '2', '3', NULL, '3', '6'),
('311', N'160', '23', '481.0', '1579.9', N'', '1', '0', NULL, '1', '1', NULL, '3', '6'),
('312', N'160', '23', '480.9', '1579.9', N'', '1', '0', NULL, '1', '2', NULL, '3', '6'),
('313', N'160', '23', '480.8', '1579.9', N'', '1', '0', NULL, '1', '3', NULL, '3', '6'),
('314', N'160', '23', '1647.4', '2698.9', N'', '1', '0', NULL, '2', '1', NULL, '3', '6'),
('315', N'160', '23', '0.0', '0.0', N'', '0', '0', NULL, '0', '0', NULL, '3', '6'),
('316', N'160', '23', '0.0', '0.0', N'', '0', '0', NULL, '0', '0', NULL, '3', '6'),
('317', N'160', '23', '0.0', '0.0', N'', '0', '0', NULL, '0', '0', NULL, '3', '6'),
('318', N'160', '25', '1817.8', '2698.9', N'', '1', '0', NULL, '2', '2', NULL, '2', '6'),
('319', N'160', '25', '480.9', '1579.9', N'', '1', '0', NULL, '1', '2', NULL, '2', '6'),
('320', N'160', '25', '480.8', '1579.9', N'', '1', '0', NULL, '1', '3', NULL, '2', '6'),
('321', N'160', '25', '1647.4', '2698.9', N'', '1', '0', NULL, '2', '1', NULL, '2', '6'),
('322', N'160', '25', '433.2', '1579.9', N'', '1', '0', NULL, '1', '1', NULL, '2', '6'),
('323', N'160', '25', '0.0', '0.0', N'', '0', '0', NULL, '0', '0', NULL, '2', '6'),
('324', N'160', '25', '0.0', '0.0', N'', '0', '0', NULL, '0', '0', NULL, '2', '6'),
('325', N'160', '25', '0.0', '0.0', N'', '0', '0', NULL, '0', '0', NULL, '2', '6'),
('326', N'160', '25', '0.0', '0.0', N'', '0', '0', NULL, '0', '0', NULL, '2', '6'),
('327', N'160', '25', '0.0', '0.0', N'', '0', '0', NULL, '0', '0', NULL, '2', '6'),
('328', N'160', '25', '0.0', '0.0', N'', '0', '0', NULL, '0', '0', NULL, '2', '6'),
('329', N'160', '25', '0.0', '0.0', N'', '0', '0', NULL, '0', '0', NULL, '2', '6'),
('330', N'160', '25', '0.0', '0.0', N'', '0', '0', NULL, '0', '0', NULL, '2', '6'),
('331', N'160', '25', '0.0', '0.0', N'', '0', '0', NULL, '0', '0', NULL, '2', '6'),
('332', N'160', '26', '1817.1', '2698.9', N'', '1', '0', NULL, '2', '3', NULL, '3', '6'),
('333', N'160', '26', '0.0', '0.0', N'', '0', '0', NULL, '0', '0', NULL, '3', '6'),
('334', N'160', '26', '0.0', '0.0', N'', '0', '0', NULL, '0', '0', NULL, '3', '6'),
('335', N'160', '26', '0.0', '0.0', N'', '0', '0', NULL, '0', '0', NULL, '3', '6'),
('336', N'160', '26', '0.0', '0.0', N'', '0', '0', NULL, '0', '0', NULL, '3', '6'),
('337', N'160', '26', '0.0', '0.0', N'', '0', '0', NULL, '0', '0', NULL, '3', '6'),
('338', N'160', '26', '0.0', '0.0', N'', '0', '0', NULL, '0', '0', NULL, '3', '6'),
('339', N'160', '26', '0.0', '0.0', N'', '0', '0', NULL, '0', '0', NULL, '3', '6'),
('340', N'157', '22', '813.8', '1338.3', N'', '1', '0', NULL, '2', '1', NULL, '2', '3'),
('341', N'157', '23', '0.0', '0.0', N'', '0', '0', NULL, '0', '0', NULL, '3', '3'),
('342', N'157', '23', '0.0', '0.0', N'', '0', '0', NULL, '0', '0', NULL, '3', '3'),
('343', N'157', '23', '0.0', '0.0', N'', '0', '0', NULL, '0', '0', NULL, '3', '3'),
('344', N'157', '17', '792.0', '1338.3', N'', '1', '0', NULL, '2', '1', N'SUPERIOR', '3', NULL),
('345', N'157', '17', '708.1', '1394.2', N'', '1', '0', NULL, '1', '1', N'SUPERIOR', '3', NULL),
('346', N'157', '17', '0.0', '0.0', N'', '0', '0', NULL, '0', '0', NULL, '3', NULL),
('347', N'157', '17', '0.0', '0.0', N'', '0', '0', NULL, '0', '0', NULL, '3', NULL),
('348', N'157', '17', '0.0', '0.0', N'', '0', '0', NULL, '0', '0', NULL, '3', NULL),
('349', N'157', '17', '0.0', '0.0', N'', '0', '0', NULL, '0', '0', NULL, '3', NULL),
('350', N'157', '17', '0.0', '0.0', N'', '0', '0', NULL, '0', '0', NULL, '3', NULL),
('351', N'157', '17', '0.0', '0.0', N'', '0', '0', NULL, '0', '0', NULL, '3', NULL),
('352', N'157', '17', '0.0', '0.0', N'', '0', '0', NULL, '0', '0', NULL, '3', NULL),
('353', N'157', '17', '0.0', '0.0', N'', '0', '0', NULL, '0', '0', NULL, '3', NULL),
('354', N'157', '17', '0.0', '0.0', N'', '0', '0', NULL, '0', '0', NULL, '3', NULL),
('355', N'157', '17', '0.0', '0.0', N'', '0', '0', NULL, '0', '0', NULL, '3', NULL),
('356', N'157', '17', '0.0', '0.0', N'', '0', '0', NULL, '0', '0', NULL, '3', NULL),
('357', N'157', '17', '0.0', '0.0', N'', '0', '0', NULL, '0', '0', NULL, '3', NULL),
('358', N'157', '17', '0.0', '0.0', N'', '0', '0', NULL, '0', '0', NULL, '3', NULL),
('359', N'157', '17', '0.0', '0.0', N'', '0', '0', NULL, '0', '0', NULL, '3', NULL),
('360', N'157', '17', '0.0', '0.0', N'', '0', '0', NULL, '0', '0', NULL, '3', NULL),
('361', N'157', '17', '0.0', '0.0', N'', '0', '0', NULL, '0', '0', NULL, '3', NULL),
('362', N'157', '17', '0.0', '0.0', N'', '0', '0', NULL, '0', '0', NULL, '3', NULL),
('363', N'157', '20', '828.2', '1394.2', N'', '1', '0', NULL, '1', '3', N'INFERIOR', '3', NULL),
('364', N'157', '20', '828.2', '1394.2', N'', '1', '0', NULL, '1', '3', N'SUPERIOR', '3', NULL),
('365', N'157', '20', '775.2', '1338.3', N'', '1', '0', NULL, '2', '3', N'SUPERIOR', '3', NULL),
('366', N'157', '20', '775.2', '1338.3', N'', '1', '0', NULL, '2', '3', N'INFERIOR', '3', NULL),
('367', N'157', '20', '0.0', '0.0', N'', '0', '0', NULL, '0', '0', NULL, '3', NULL),
('368', N'157', '20', '0.0', '0.0', N'', '0', '0', NULL, '0', '0', NULL, '3', NULL),
('369', N'157', '20', '0.0', '0.0', N'', '0', '0', NULL, '0', '0', NULL, '3', NULL),
('370', N'157', '20', '0.0', '0.0', N'', '0', '0', NULL, '0', '0', NULL, '3', NULL),
('371', N'157', '20', '0.0', '0.0', N'', '0', '0', NULL, '0', '0', NULL, '3', NULL),
('372', N'157', '20', '0.0', '0.0', N'', '0', '0', NULL, '0', '0', NULL, '3', NULL),
('373', N'157', '20', '0.0', '0.0', N'', '0', '0', NULL, '0', '0', NULL, '3', NULL),
('374', N'157', '20', '0.0', '0.0', N'', '0', '0', NULL, '0', '0', NULL, '3', NULL),
('375', N'157', '20', '0.0', '0.0', N'', '0', '0', NULL, '0', '0', NULL, '3', NULL),
('376', N'157', '20', '0.0', '0.0', N'', '0', '0', NULL, '0', '0', NULL, '3', NULL),
('377', N'157', '20', '0.0', '0.0', N'', '0', '0', NULL, '0', '0', NULL, '3', NULL),
('378', N'157', '20', '0.0', '0.0', N'', '0', '0', NULL, '0', '0', NULL, '3', NULL),
('379', N'157', '20', '0.0', '0.0', N'', '0', '0', NULL, '0', '0', NULL, '3', NULL),
('380', N'157', '20', '0.0', '0.0', N'', '0', '0', NULL, '0', '0', NULL, '3', NULL),
('381', N'157', '20', '0.0', '0.0', N'', '0', '0', NULL, '0', '0', NULL, '3', NULL),
('382', N'157', '20', '0.0', '0.0', N'', '0', '0', NULL, '0', '0', NULL, '3', NULL),
('383', N'157', '26', '861.7', '1394.2', N'', '1', '0', NULL, '1', '1', NULL, '2', '3'),
('384', N'157', '26', '861.7', '1394.2', N'', '1', '0', NULL, '1', '2', NULL, '2', '3'),
('385', N'157', '26', '861.7', '1394.2', N'', '1', '0', NULL, '1', '3', NULL, '2', '3'),
('386', N'157', '26', '0.0', '0.0', N'', '0', '0', NULL, '0', '0', NULL, '2', '3'),
('387', N'157', '26', '0.0', '0.0', N'', '0', '0', NULL, '0', '0', NULL, '2', '3'),
('388', N'157', '26', '0.0', '0.0', N'', '0', '0', NULL, '0', '0', NULL, '2', '3'),
('389', N'157', '26', '0.0', '0.0', N'', '0', '0', NULL, '0', '0', NULL, '2', '3'),
('390', N'157', '26', '0.0', '0.0', N'', '0', '0', NULL, '0', '0', NULL, '2', '3'),
('391', N'157', '26', '0.0', '0.0', N'', '0', '0', NULL, '0', '0', NULL, '2', '3'),
('392', N'157', '26', '0.0', '0.0', N'', '0', '0', NULL, '0', '0', NULL, '2', '3'),
('393', N'160', '19', '0.0', '0.0', N'', '0', '0', NULL, '0', '0', NULL, '3', NULL),
('394', N'160', '19', '0.0', '0.0', N'', '0', '0', NULL, '0', '0', NULL, '3', NULL),
('395', N'160', '19', '0.0', '0.0', N'', '0', '0', NULL, '0', '0', NULL, '3', NULL),
('396', N'160', '19', '0.0', '0.0', N'', '0', '0', NULL, '0', '0', NULL, '3', NULL),
('397', N'160', '19', '0.0', '0.0', N'', '0', '0', NULL, '0', '0', NULL, '3', NULL),
('398', N'160', '19', '0.0', '0.0', N'', '0', '0', NULL, '0', '0', NULL, '3', NULL),
('399', N'160', '19', '0.0', '0.0', N'', '0', '0', NULL, '0', '0', NULL, '3', NULL),
('400', N'160', '19', '0.0', '0.0', N'', '0', '0', NULL, '0', '0', NULL, '3', NULL),
('401', N'160', '19', '0.0', '0.0', N'', '0', '0', NULL, '0', '0', NULL, '3', NULL),
('402', N'160', '19', '0.0', '0.0', N'', '0', '0', NULL, '0', '0', NULL, '3', NULL),
('403', N'160', '19', '0.0', '0.0', N'', '0', '0', NULL, '0', '0', NULL, '3', NULL),
('404', N'160', '19', '0.0', '0.0', N'', '0', '0', NULL, '0', '0', NULL, '3', NULL),
('405', N'160', '19', '0.0', '0.0', N'', '0', '0', NULL, '0', '0', NULL, '3', NULL),
('406', N'160', '19', '0.0', '0.0', N'', '0', '0', NULL, '0', '0', NULL, '3', NULL),
('407', N'160', '19', '0.0', '0.0', N'', '0', '0', NULL, '0', '0', NULL, '3', NULL),
('408', N'160', '19', '0.0', '0.0', N'', '0', '0', NULL, '0', '0', NULL, '3', NULL),
('409', N'160', '19', '0.0', '0.0', N'', '0', '0', NULL, '0', '0', NULL, '3', NULL),
('410', N'165', '1', '316.0', '2996.3', N'12', '0', '0', N'Rotura', '1', '1', N'', '2', '2'),
('411', N'165', '1', '25.8', '2996.3', N'15', '0', '0', N'Rotura', '1', '2', N'', '2', '2'),
('412', N'165', '1', '1710.1', '4706.4', N'16', '1', '0', NULL, '1', '2', N'', '2', '2'),
('413', N'001', '1', '2817.9', '0.1', N'3', '0', '0', N'Rotura', '3', '2', NULL, '1', '4'),
('414', N'001', '1', '143.1', '2060.5', N'4', '0', '0', N'Rotura', '2', '1', NULL, '1', '4'),
('415', N'001', '1', '2817.9', '2681.0', N'5', '0', '0', N'Rotura', '1', '2', NULL, '1', '4'),
('416', N'001', '1', '112.9', '0.1', N'6', '0', '0', N'Rotura', '3', '1', NULL, '1', '4'),
('417', N'001', '1', '143.1', '2060.5', N'7', '0', '0', N'Rotura', '2', '2', NULL, '1', '4'),
('418', N'001', '1', '143.1', '2060.5', N'8', '0', '0', N'Rotura', '2', '3', NULL, '1', '4'),
('419', N'001', '1', '112.9', '0.1', N'9', '0', '0', N'Rotura', '3', '2', NULL, '1', '4'),
('420', N'001', '1', '2818.0', '2681.1', N'10', '0', '0', N'Rotura', '1', '3', NULL, '1', '4'),
('421', N'001', '1', '112.9', '0.1', N'11', '0', '0', N'Rotura', '3', '3', NULL, '1', '4'),
('422', N'001', '1', '0.0', '0.0', N'12', '0', '0', NULL, '0', '0', NULL, '1', '4'),
('423', N'001', '13', '1084.3', '829.6', N'', '1', '0', NULL, '3', '2', N'DESCARGA', '4', NULL),
('424', N'001', '13', '1420.7', '3541.0', N'', '1', '0', NULL, '2', '3', N'DESCARGA', '4', NULL),
('425', N'001', '13', '273.4', '2448.6', N'', '0', '1', N'Mantenimiento Preventivo', '2', '1', N'DESCARGA', '4', NULL),
('426', N'001', '13', '1365.8', '3541.0', N'', '1', '0', NULL, '2', '1', N'SUCCION', '4', NULL),
('427', N'001', '5', '0.0', '0.0', N'', '0', '0', NULL, '0', '0', NULL, '5', '4'),
('428', N'001', '5', '0.0', '0.0', N'', '0', '0', NULL, '0', '0', NULL, '5', '4'),
('429', N'001', '5', '0.0', '0.0', N'', '0', '0', NULL, '0', '0', NULL, '5', '4'),
('430', N'001', '5', '0.0', '0.0', N'', '0', '0', NULL, '0', '0', NULL, '5', '4'),
('431', N'001', '5', '0.0', '0.0', N'', '0', '0', NULL, '0', '0', NULL, '5', '4'),
('432', N'001', '5', '0.0', '0.0', N'', '0', '0', NULL, '0', '0', NULL, '5', '4'),
('433', N'001', '5', '0.0', '0.0', N'', '0', '0', NULL, '0', '0', NULL, '5', '4'),
('434', N'001', '5', '0.0', '0.0', N'', '0', '0', NULL, '0', '0', NULL, '5', '4'),
('435', N'001', '5', '0.0', '0.0', N'', '0', '0', NULL, '0', '0', NULL, '5', '4'),
('436', N'156', '22', '0.0', '0.0', N'', '0', '0', NULL, '0', '0', NULL, '2', '5'),
('437', N'156', '22', '0.0', '0.0', N'', '0', '0', NULL, '0', '0', NULL, '2', '5'),
('438', N'156', '22', '0.0', '0.0', N'', '0', '0', NULL, '0', '0', NULL, '2', '5'),
('439', N'156', '19', '715.3', '1371.0', N'', '1', '0', NULL, '1', '1', N'SUPERIOR', '2', NULL),
('440', N'156', '19', '0.0', '0.0', N'', '0', '0', NULL, '0', '0', NULL, '2', NULL),
('441', N'156', '19', '0.0', '0.0', N'', '0', '0', NULL, '0', '0', NULL, '2', NULL),
('442', N'156', '19', '0.0', '0.0', N'', '0', '0', NULL, '0', '0', NULL, '2', NULL),
('443', N'156', '19', '0.0', '0.0', N'', '0', '0', NULL, '0', '0', NULL, '2', NULL),
('444', N'156', '19', '0.0', '0.0', N'', '0', '0', NULL, '0', '0', NULL, '2', NULL),
('445', N'156', '19', '0.0', '0.0', N'', '0', '0', NULL, '0', '0', NULL, '2', NULL),
('446', N'156', '19', '0.0', '0.0', N'', '0', '0', NULL, '0', '0', NULL, '2', NULL),
('447', N'156', '19', '0.0', '0.0', N'', '0', '0', NULL, '0', '0', NULL, '2', NULL),
('448', N'156', '19', '0.0', '0.0', N'', '0', '0', NULL, '0', '0', NULL, '2', NULL),
('449', N'156', '19', '0.0', '0.0', N'', '0', '0', NULL, '0', '0', NULL, '2', NULL),
('450', N'156', '19', '0.0', '0.0', N'', '0', '0', NULL, '0', '0', NULL, '2', NULL),
('451', N'170', '16', '425.3', '60.8', N'', '1', '0', NULL, '3', '2', N'SUCCION', '1', NULL),
('452', N'170', '16', '454.0', '60.8', N'', '1', '0', NULL, '3', '2', N'DESCARGA', '1', NULL),
('453', N'170', '16', '372.8', '32.1', N'', '1', '0', NULL, '1', '3', N'DESCARGA', '1', NULL),
('454', N'170', '16', '358.3', '32.1', N'', '1', '0', NULL, '1', '3', N'SUCCION', '1', NULL),
('455', N'170', '16', '370.8', '32.1', N'', '1', '0', NULL, '1', '1', N'SUCCION', '1', NULL),
('456', N'170', '13', '750.2', '32.1', N'', '1', '0', NULL, '1', '3', N'SUCCION', '1', NULL),
('457', N'170', '1', '14.9', '0.3', N'10', '0', '0', N'Rotura', '2', '1', NULL, '1', '6'),
('458', N'170', '1', '14.9', '0.3', N'11', '0', '0', N'Rotura', '2', '2', NULL, '2', '6'),
('459', N'170', '1', '14.9', '0.3', N'12', '0', '0', N'Rotura', '2', '3', NULL, '1', '6'),
('460', N'170', '5', '0.0', '0.0', N'', '0', '0', NULL, '0', '0', NULL, '1', '5'),
('461', N'170', '5', '0.0', '0.0', N'', '0', '0', NULL, '0', '0', NULL, '1', '5'),
('462', N'170', '5', '0.0', '0.0', N'', '0', '0', NULL, '0', '0', NULL, '1', '5'),
('463', N'170', '5', '0.0', '0.0', N'', '0', '0', NULL, '0', '0', NULL, '1', '5'),
('464', N'170', '5', '0.0', '0.0', N'', '0', '0', NULL, '0', '0', NULL, '1', '5'),
('465', N'170', '5', '0.0', '0.0', N'', '0', '0', NULL, '0', '0', NULL, '1', '5'),
('466', N'170', '5', '0.0', '0.0', N'', '0', '0', NULL, '0', '0', NULL, '1', '5'),
('467', N'170', '5', '0.0', '0.0', N'', '0', '0', NULL, '0', '0', NULL, '1', '5'),
('468', N'170', '1', '337.5', '59.1', N'13', '0', '0', N'Rotura', '1', '1', NULL, '2', '5'),
('469', N'170', '1', '337.5', '59.1', N'14', '0', '1', N'Rotura', '1', '2', NULL, '2', '5'),
('470', N'170', '1', '218.1', '58.1', N'15', '0', '0', N'Rotura', '1', '3', NULL, '2', '5'),
('471', N'170', '1', '155.8', '31.5', N'16', '0', '0', N'Rotura', '3', '2', NULL, '2', '5'),
('472', N'160', '17', '433.2', '1579.9', N'', '1', '0', NULL, '1', '1', N'SUPERIOR', '3', NULL),
('473', N'160', '17', '433.2', '1579.9', N'', '1', '0', NULL, '1', '1', N'INFERIOR', '3', NULL),
('474', N'160', '17', '0.0', '0.0', N'', '0', '0', NULL, '0', '0', NULL, '3', NULL),
('475', N'160', '17', '0.0', '0.0', N'', '0', '0', NULL, '0', '0', NULL, '3', NULL),
('476', N'160', '17', '0.0', '0.0', N'', '0', '0', NULL, '0', '0', NULL, '3', NULL),
('477', N'160', '22', '1647.4', '2698.9', N'', '1', '0', NULL, '2', '1', NULL, '2', '6'),
('478', N'160', '22', '0.0', '0.0', N'', '0', '0', NULL, '0', '0', NULL, '2', '6'),
('479', N'160', '22', '0.0', '0.0', N'', '0', '0', NULL, '0', '0', NULL, '2', '6'),
('480', N'160', '22', '0.0', '0.0', N'', '0', '0', NULL, '0', '0', NULL, '2', '6'),
('481', N'160', '22', '0.0', '0.0', N'', '0', '0', NULL, '0', '0', NULL, '2', '6'),
('482', N'165', '5', '22.1', '3018.4', N'', '0', '1', N'Rotura', '1', '1', N'', '5', '2'),
('483', N'165', '5', '1710.1', '4706.4', N'', '1', '0', NULL, '1', '2', N'', '5', '2'),
('484', N'160', '18', '433.2', '1579.9', N'', '1', '0', NULL, '1', '1', N'SUPERIOR', '1', NULL),
('485', N'160', '17', '0.0', '0.0', N'', '0', '0', NULL, '0', '0', NULL, '1', NULL),
('486', N'160', '18', '433.2', '1579.9', N'', '1', '0', NULL, '1', '1', N'INFERIOR', '2', NULL),
('487', N'160', '20', '433.2', '1579.9', N'', '1', '0', NULL, '1', '1', N'SUPERIOR', '1', NULL),
('488', N'160', '20', '433.2', '1579.9', N'', '1', '0', NULL, '1', '1', N'INFERIOR', '1', NULL),
('489', N'160', '20', '0.0', '0.0', N'', '0', '0', NULL, '0', '0', NULL, '1', NULL),
('490', N'160', '20', '0.0', '0.0', N'', '0', '0', NULL, '0', '0', NULL, '1', NULL),
('491', N'160', '20', '0.0', '0.0', N'', '0', '0', NULL, '0', '0', NULL, '1', NULL),
('492', N'160', '18', '0.0', '0.0', N'', '0', '0', NULL, '0', '0', NULL, '1', NULL),
('493', N'160', '18', '0.0', '0.0', N'', '0', '0', NULL, '0', '0', NULL, '1', NULL),
('494', N'160', '18', '0.0', '0.0', N'', '0', '0', NULL, '0', '0', NULL, '1', NULL),
('495', N'160', '18', '0.0', '0.0', N'', '0', '0', NULL, '0', '0', NULL, '1', NULL),
('496', N'160', '18', '0.0', '0.0', N'', '0', '0', NULL, '0', '0', NULL, '1', NULL),
('497', N'160', '18', '0.0', '0.0', N'', '0', '0', NULL, '0', '0', NULL, '1', NULL),
('498', N'160', '18', '0.0', '0.0', N'', '0', '0', NULL, '0', '0', NULL, '1', NULL),
('499', N'160', '18', '0.0', '0.0', N'', '0', '0', NULL, '0', '0', NULL, '1', NULL),
('500', N'160', '18', '0.0', '0.0', N'', '0', '0', NULL, '0', '0', NULL, '1', NULL);
INSERT INTO [dbo].[perforadorPieza] ([idPerforadorPieza], [perforador], [idPieza], [hs], [hsInst], [serie], [enUso], [baja], [motivo], [bomba], [cuerpo], [modulo], [idMarca], [idDiametro]) VALUES
('501', N'160', '18', '0.0', '0.0', N'', '0', '0', NULL, '0', '0', NULL, '1', NULL),
('502', N'160', '18', '0.0', '0.0', N'', '0', '0', NULL, '0', '0', NULL, '1', NULL),
('503', N'160', '18', '0.0', '0.0', N'', '0', '0', NULL, '0', '0', NULL, '1', NULL),
('504', N'160', '18', '0.0', '0.0', N'', '0', '0', NULL, '0', '0', NULL, '1', NULL),
('505', N'160', '18', '0.0', '0.0', N'', '0', '0', NULL, '0', '0', NULL, '1', NULL),
('506', N'160', '18', '0.0', '0.0', N'', '0', '0', NULL, '0', '0', NULL, '1', NULL),
('507', N'160', '18', '0.0', '0.0', N'', '0', '0', NULL, '0', '0', NULL, '1', NULL),
('508', N'160', '18', '0.0', '0.0', N'', '0', '0', NULL, '0', '0', NULL, '1', NULL),
('509', N'160', '18', '0.0', '0.0', N'', '0', '0', NULL, '0', '0', NULL, '1', NULL),
('510', N'160', '18', '0.0', '0.0', N'', '0', '0', NULL, '0', '0', NULL, '1', NULL),
('511', N'160', '18', '0.0', '0.0', N'', '0', '0', NULL, '0', '0', NULL, '1', NULL),
('512', N'160', '21', '433.2', '1579.9', N'', '1', '0', NULL, '1', '1', N'SUP/INF', '1', NULL),
('513', N'160', '21', '0.0', '0.0', N'', '0', '0', NULL, '0', '0', NULL, '1', NULL),
('514', N'160', '21', '0.0', '0.0', N'', '0', '0', NULL, '0', '0', NULL, '1', NULL),
('515', N'168', '1', '710.0', '445.3', N'1', '1', '0', NULL, '1', '3', N'', '5', '5'),
('516', N'168', '15', '647.6', '445.3', N'', '1', '0', NULL, '1', '1', N'SUCCION', '2', NULL),
('517', N'168', '15', '1184.3', '1270.0', N'', '1', '0', NULL, '2', '1', N'DESCARGA', '2', NULL),
('518', N'168', '15', '647.6', '445.3', N'', '1', '0', NULL, '1', '1', N'DESCARGA', '2', NULL),
('519', N'168', '15', '1184.3', '1270.0', N'', '1', '0', NULL, '2', '1', N'SUCCION', '2', NULL),
('520', N'168', '15', '1853.1', '1957.8', N'', '1', '0', NULL, '3', '1', N'DESCARGA', '2', NULL),
('521', N'168', '16', '647.6', '445.3', N'', '1', '0', NULL, '1', '1', N'DESCARGA', '2', NULL),
('522', N'168', '16', '1184.3', '1270.0', N'', '1', '0', NULL, '2', '1', N'SUCCION', '2', NULL),
('523', N'168', '16', '1184.3', '1270.0', N'', '1', '0', NULL, '2', '1', N'DESCARGA', '2', NULL),
('524', N'168', '16', '1853.1', '1957.8', N'', '1', '0', NULL, '3', '1', N'DESCARGA', '2', NULL),
('525', N'168', '16', '1184.3', '1270.0', N'', '1', '0', NULL, '2', '2', N'SUCCION', '2', NULL),
('526', N'168', '16', '647.6', '445.3', N'', '1', '0', NULL, '1', '2', N'SUCCION', '2', NULL),
('527', N'168', '16', '647.6', '445.3', N'', '1', '0', NULL, '1', '2', N'DESCARGA', '2', NULL),
('528', N'168', '16', '647.6', '445.3', N'', '1', '0', NULL, '1', '1', N'SUCCION', '2', NULL),
('529', N'168', '16', '1184.3', '1270.0', N'', '1', '0', NULL, '2', '2', N'DESCARGA', '2', NULL),
('530', N'168', '16', '1853.1', '1957.8', N'', '1', '0', NULL, '3', '1', N'SUCCION', '2', NULL),
('531', N'168', '16', '0.0', '0.0', N'', '0', '0', NULL, '0', '0', NULL, '2', NULL),
('532', N'168', '16', '0.0', '0.0', N'', '0', '0', NULL, '0', '0', NULL, '2', NULL),
('533', N'168', '16', '647.6', '445.3', N'', '1', '0', NULL, '1', '3', N'SUCCION', '2', NULL),
('534', N'168', '16', '0.0', '0.0', N'', '0', '0', NULL, '0', '0', NULL, '2', NULL),
('535', N'168', '16', '0.0', '0.0', N'', '0', '0', NULL, '0', '0', NULL, '2', NULL),
('536', N'168', '16', '0.0', '0.0', N'', '0', '0', NULL, '0', '0', NULL, '2', NULL),
('537', N'168', '16', '647.6', '445.3', N'', '1', '0', NULL, '1', '3', N'DESCARGA', '2', NULL),
('538', N'165', '5', '0.0', '0.0', N'', '0', '0', NULL, '0', '0', NULL, '1', '6'),
('539', N'165', '5', '0.0', '0.0', N'', '0', '0', NULL, '0', '0', NULL, '1', '6'),
('540', N'165', '5', '0.0', '3018.4', N'', '0', '1', N'Rotura', '1', '1', N'', '1', '6'),
('541', N'165', '5', '0.0', '0.0', N'', '0', '0', NULL, '0', '0', NULL, '1', '6'),
('542', N'165', '5', '0.0', '0.0', N'', '0', '0', NULL, '0', '0', NULL, '1', '6'),
('543', N'165', '5', '0.0', '3018.4', N'', '0', '1', N'Rotura', '1', '1', N'', '1', '6'),
('544', N'165', '5', '0.0', '0.0', N'', '0', '0', NULL, '0', '0', NULL, '1', '6'),
('545', N'165', '5', '0.0', '0.0', N'', '0', '0', NULL, '0', '0', NULL, '1', '6'),
('546', N'165', '5', '0.0', '0.0', N'', '0', '0', NULL, '0', '0', NULL, '1', '6'),
('547', N'165', '5', '0.0', '0.0', N'', '0', '0', NULL, '0', '0', NULL, '1', '6'),
('548', N'165', '16', '2103.6', '4934.0', N'', '1', '0', NULL, '2', '1', N'DESCARGA', '1', NULL),
('549', N'165', '16', '1884.8', '2545.8', N'', '1', '0', NULL, '3', '1', N'DESCARGA', '1', NULL),
('550', N'165', '16', '1884.8', '2545.8', N'', '1', '0', NULL, '3', '1', N'SUCCION', '1', NULL),
('551', N'001', '1', '245.5', '101.5', N'13', '0', '0', N'Rotura', '3', '2', NULL, '1', '2'),
('552', N'165', '1', '0.0', '0.0', N'22', '0', '0', NULL, '0', '0', NULL, '1', '4'),
('553', N'165', '1', '0.0', '0.0', N'23', '0', '0', NULL, '0', '0', NULL, '1', '5'),
('554', N'165', '1', '0.0', '0.0', N'24', '0', '0', NULL, '0', '0', NULL, '1', '5'),
('555', N'165', '1', '0.0', '0.0', N'25', '0', '0', NULL, '0', '0', NULL, '1', '5'),
('556', N'165', '1', '0.0', '0.0', N'26', '0', '0', NULL, '0', '0', NULL, '1', '5'),
('557', N'165', '1', '0.0', '0.0', N'27', '0', '0', NULL, '0', '0', NULL, '1', '6'),
('558', N'001', '1', '310.5', '10.9', N'14', '0', '0', N'Rotura', '3', '3', NULL, '2', '2'),
('559', N'001', '1', '65.0', '10.9', N'15', '0', '0', N'Rotura', '3', '1', NULL, '2', '2'),
('560', N'001', '1', '65.0', '10.9', N'16', '0', '0', N'Rotura', '3', '2', NULL, '2', '2'),
('561', N'001', '1', '0.0', '0.0', N'17', '0', '0', NULL, '0', '0', NULL, '2', '2'),
('562', N'001', '5', '0.0', '0.0', N'', '0', '0', NULL, '0', '0', NULL, '5', '2'),
('563', N'001', '5', '1630.8', '4540.9', N'', '1', '0', NULL, '1', '1', NULL, '5', '2'),
('564', N'001', '5', '0.0', '0.0', N'', '0', '0', NULL, '0', '0', NULL, '5', '2'),
('565', N'001', '13', '1365.7', '3541.0', N'', '1', '0', NULL, '2', '2', N'DESCARGA', '4', NULL),
('566', N'001', '13', '1365.7', '3541.0', N'', '1', '0', NULL, '2', '3', N'SUCCION', '4', NULL),
('567', N'001', '13', '1002.3', '829.6', N'', '1', '0', NULL, '3', '2', N'SUCCION', '4', NULL),
('568', N'001', '13', '1002.3', '829.6', N'', '1', '0', NULL, '3', '3', N'SUCCION', '4', NULL),
('569', N'001', '13', '0.0', '0.0', N'', '0', '0', NULL, '0', '0', NULL, '4', NULL),
('570', N'001', '13', '1630.8', '4540.9', N'', '1', '0', NULL, '1', '2', N'SUCCION', '4', NULL),
('571', N'001', '15', '1365.7', '3541.0', N'', '1', '0', NULL, '2', '2', N'DESCARGA', '1', NULL),
('572', N'001', '15', '1365.7', '3541.0', N'', '1', '0', NULL, '2', '3', N'DESCARGA', '1', NULL),
('573', N'001', '15', '1365.7', '3541.0', N'', '1', '0', NULL, '2', '3', N'SUCCION', '1', NULL),
('574', N'001', '15', '1630.8', '4540.9', N'', '1', '0', NULL, '1', '2', N'DESCARGA', '1', NULL),
('575', N'001', '15', '0.0', '0.0', N'', '0', '0', NULL, '0', '0', NULL, '1', NULL),
('576', N'001', '15', '0.0', '0.0', N'', '0', '0', NULL, '0', '0', NULL, '1', NULL),
('577', N'001', '15', '0.0', '0.0', N'', '0', '0', NULL, '0', '0', NULL, '1', NULL),
('578', N'001', '5', '1630.8', '4540.9', N'', '1', '0', NULL, '1', '2', NULL, '6', '2'),
('579', N'001', '5', '1092.4', '3541.0', N'', '1', '0', NULL, '2', '1', NULL, '6', '2'),
('580', N'001', '5', '0.0', '0.0', N'', '0', '0', NULL, '0', '0', NULL, '6', '2'),
('581', N'001', '5', '0.0', '0.0', N'', '0', '0', NULL, '0', '0', NULL, '6', '2'),
('582', N'170', '1', '101.1', '39.9', N'17', '0', '0', N'Rotura', '2', '1', NULL, '1', '4'),
('583', N'170', '1', '101.1', '39.9', N'18', '0', '0', N'Rotura', '2', '2', NULL, '1', '4'),
('584', N'170', '1', '101.1', '39.9', N'19', '0', '0', N'Rotura', '2', '3', NULL, '2', '4'),
('585', N'170', '1', '0.0', '0.0', N'20', '0', '0', NULL, '0', '0', NULL, '2', '4'),
('586', N'160', '20', '0.0', '0.0', N'', '0', '0', NULL, '0', '0', NULL, '3', NULL),
('587', N'160', '20', '0.0', '0.0', N'', '0', '0', NULL, '0', '0', NULL, '3', NULL),
('588', N'160', '20', '0.0', '0.0', N'', '0', '0', NULL, '0', '0', NULL, '3', NULL),
('589', N'160', '20', '0.0', '0.0', N'', '0', '0', NULL, '0', '0', NULL, '3', NULL),
('590', N'160', '20', '0.0', '0.0', N'', '0', '0', NULL, '0', '0', NULL, '3', NULL),
('591', N'160', '20', '0.0', '0.0', N'', '0', '0', NULL, '0', '0', NULL, '3', NULL),
('592', N'160', '20', '0.0', '0.0', N'', '0', '0', NULL, '0', '0', NULL, '3', NULL),
('593', N'160', '20', '0.0', '0.0', N'', '0', '0', NULL, '0', '0', NULL, '3', NULL),
('594', N'160', '20', '0.0', '0.0', N'', '0', '0', NULL, '0', '0', NULL, '3', NULL),
('595', N'160', '20', '0.0', '0.0', N'', '0', '0', NULL, '0', '0', NULL, '3', NULL),
('596', N'160', '22', '0.0', '0.0', N'', '0', '0', NULL, '0', '0', NULL, '2', '6'),
('597', N'160', '22', '0.0', '0.0', N'', '0', '0', NULL, '0', '0', NULL, '2', '6'),
('598', N'160', '22', '0.0', '0.0', N'', '0', '0', NULL, '0', '0', NULL, '2', '6'),
('599', N'165', '5', '0.0', '0.0', N'', '0', '0', NULL, '0', '0', NULL, '1', '4'),
('600', N'165', '5', '0.0', '0.0', N'', '0', '0', NULL, '0', '0', NULL, '1', '4'),
('601', N'165', '5', '0.0', '0.0', N'', '0', '0', NULL, '0', '0', NULL, '1', '4'),
('602', N'165', '5', '0.0', '0.0', N'', '0', '0', NULL, '0', '0', NULL, '1', '4'),
('603', N'165', '5', '0.0', '0.0', N'', '0', '0', NULL, '0', '0', NULL, '1', '4'),
('604', N'165', '5', '0.0', '0.0', N'', '0', '0', NULL, '0', '0', NULL, '1', '4'),
('605', N'165', '5', '0.0', '0.0', N'', '0', '0', NULL, '0', '0', NULL, '1', '4'),
('606', N'165', '5', '0.0', '0.0', N'', '0', '0', NULL, '0', '0', NULL, '1', '4'),
('607', N'165', '5', '0.0', '0.0', N'', '0', '0', NULL, '0', '0', NULL, '1', '4'),
('608', N'165', '5', '0.0', '0.0', N'', '0', '0', NULL, '0', '0', NULL, '1', '4'),
('609', N'165', '5', '0.0', '0.0', N'', '0', '0', NULL, '0', '0', NULL, '1', '4'),
('610', N'165', '16', '2103.3', '4934.0', N'', '1', '0', NULL, '2', '3', N'DESCARGA', '1', NULL),
('611', N'165', '16', '2103.3', '4934.0', N'', '1', '0', NULL, '2', '3', N'SUCCION', '1', NULL),
('612', N'165', '5', '0.0', '0.0', N'', '0', '0', NULL, '0', '0', NULL, '2', '4'),
('613', N'165', '16', '1884.4', '2545.8', N'', '1', '0', NULL, '3', '2', N'DESCARGA', '1', NULL),
('614', N'165', '1', '286.5', '2996.3', N'29', '0', '0', N'Rotura', '1', '2', N'', '1', '3'),
('615', N'165', '1', '262.4', '1006.1', N'37', '0', '0', N'Rotura', '3', '3', N'', '1', '3'),
('616', N'165', '1', '193.6', '2996.3', N'38', '0', '0', N'Rotura', '1', '1', N'', '1', '3'),
('617', N'165', '1', '193.1', '1006.1', N'39', '0', '0', N'Rotura', '3', '2', N'', '1', '3'),
('618', N'165', '1', '135.2', '2996.3', N'40', '0', '0', N'Rotura', '1', '3', N'', '1', '3'),
('619', N'165', '13', '2103.6', '4934.0', N'', '1', '0', NULL, '2', '1', N'SUCCION', '1', NULL),
('620', N'165', '13', '2103.6', '4934.0', N'', '1', '0', NULL, '2', '1', N'DESCARGA', '1', NULL),
('621', N'165', '13', '1884.8', '2545.8', N'', '1', '0', NULL, '3', '1', N'DESCARGA', '1', NULL),
('622', N'165', '13', '1884.8', '2545.8', N'', '1', '0', NULL, '3', '1', N'SUCCION', '1', NULL),
('623', N'165', '13', '2103.3', '4934.0', N'', '1', '0', NULL, '2', '3', N'DESCARGA', '1', NULL),
('624', N'165', '13', '2103.3', '4934.0', N'', '1', '0', NULL, '2', '3', N'SUCCION', '1', NULL),
('625', N'165', '13', '1884.5', '2545.8', N'', '1', '0', NULL, '3', '2', N'SUCCION', '1', NULL),
('626', N'165', '13', '1884.5', '2545.8', N'', '1', '0', NULL, '3', '2', N'DESCARGA', '1', NULL),
('627', N'165', '15', '2103.3', '4934.0', N'', '1', '0', NULL, '2', '2', N'SUCCION', '1', NULL),
('628', N'165', '15', '2103.3', '4934.0', N'', '1', '0', NULL, '2', '2', N'DESCARGA', '1', NULL),
('629', N'165', '15', '2103.3', '4934.0', N'', '1', '0', NULL, '2', '3', N'DESCARGA', '1', NULL),
('630', N'165', '15', '2103.3', '4934.0', N'', '1', '0', NULL, '2', '3', N'SUCCION', '1', NULL),
('631', N'165', '15', '1884.5', '2545.8', N'', '1', '0', NULL, '3', '1', N'DESCARGA', '1', NULL),
('632', N'165', '15', '1884.5', '2545.8', N'', '1', '0', NULL, '3', '1', N'SUCCION', '1', NULL),
('633', N'165', '15', '1884.4', '2545.8', N'', '1', '0', NULL, '3', '2', N'DESCARGA', '1', NULL),
('634', N'165', '15', '1884.4', '2545.8', N'', '1', '0', NULL, '3', '2', N'SUCCION', '1', NULL),
('635', N'165', '15', '1884.4', '2545.8', N'', '1', '0', NULL, '3', '3', N'DESCARGA', '1', NULL),
('636', N'165', '5', '0.0', '0.0', N'', '0', '0', NULL, '0', '0', NULL, '1', '4'),
('637', N'165', '13', '1884.4', '2545.8', N'', '1', '0', NULL, '3', '3', N'DESCARGA', '1', NULL),
('638', N'165', '13', '1884.4', '2545.8', N'', '1', '0', NULL, '3', '3', N'SUCCION', '1', NULL),
('639', N'165', '13', '1716.7', '4706.4', N'', '1', '0', NULL, '1', '1', N'DESCARGA', '1', NULL),
('640', N'165', '13', '1716.7', '4706.4', N'', '1', '0', NULL, '1', '1', N'SUCCION', '1', NULL),
('641', N'165', '13', '1716.7', '4706.4', N'', '1', '0', NULL, '1', '2', N'SUCCION', '1', NULL),
('642', N'165', '16', '1884.4', '2545.8', N'', '1', '0', NULL, '3', '2', N'SUCCION', '1', NULL),
('643', N'165', '16', '1884.4', '2545.8', N'', '1', '0', NULL, '3', '3', N'SUCCION', '1', NULL),
('644', N'165', '16', '1884.4', '2545.8', N'', '1', '0', NULL, '3', '3', N'DESCARGA', '1', NULL),
('645', N'165', '16', '2009.8', '4934.0', N'', '1', '0', NULL, '2', '1', N'SUCCION', '1', NULL),
('646', N'165', '16', '1852.8', '4706.4', N'', '1', '0', NULL, '1', '1', N'SUCCION', '1', NULL),
('647', N'165', '16', '1716.7', '4706.4', N'', '1', '0', NULL, '1', '2', N'DESCARGA', '1', NULL),
('648', N'165', '16', '1710.1', '4706.4', N'', '1', '0', NULL, '1', '3', N'DESCARGA', '1', NULL),
('649', N'165', '16', '1865.7', '4934.0', N'', '1', '0', NULL, '2', '2', N'SUCCION', '1', NULL),
('650', N'165', '16', '1849.0', '4934.0', N'', '1', '0', NULL, '2', '2', N'DESCARGA', '1', NULL),
('651', N'165', '16', '0.0', '0.0', N'', '0', '0', NULL, '0', '0', NULL, '1', NULL),
('652', N'165', '15', '1884.2', '2545.8', N'', '1', '0', NULL, '3', '3', N'SUCCION', '1', NULL),
('653', N'165', '15', '1716.7', '4706.4', N'', '1', '0', NULL, '1', '1', N'DESCARGA', '1', NULL),
('654', N'165', '15', '28.7', '3018.4', N'', '0', '1', N'Rotura', '1', '1', N'SUCCION', '1', NULL),
('655', N'165', '15', '1716.7', '4706.4', N'', '1', '0', NULL, '1', '2', N'DESCARGA', '1', NULL),
('656', N'165', '15', '28.7', '3018.4', N'', '0', '1', N'Mantenimiento Preventivo', '1', '2', N'SUCCION', '1', NULL),
('657', N'165', '15', '1716.7', '4706.4', N'', '1', '0', NULL, '1', '3', N'DESCARGA', '1', NULL),
('658', N'165', '15', '1716.7', '4706.4', N'', '1', '0', NULL, '1', '3', N'SUCCION', '1', NULL),
('659', N'165', '15', '1688.0', '4706.4', N'', '1', '0', NULL, '1', '2', N'SUCCION', '1', NULL),
('660', N'165', '15', '1688.0', '4706.4', N'', '1', '0', NULL, '1', '1', N'SUCCION', '1', NULL),
('661', N'165', '15', '0.0', '0.0', N'', '0', '0', NULL, '0', '0', NULL, '1', NULL),
('662', N'163', '33', '607.2', '607.2', NULL, '1', '0', NULL, '1', '2', N'DESCARGA', NULL, NULL),
('663', N'163', '33', '607.2', '607.2', NULL, '1', '0', NULL, '1', '1', N'DESCARGA', NULL, NULL),
('664', N'163', '33', '607.2', '607.2', NULL, '0', '1', N'Rotura', '1', '2', N'SUCCION', NULL, NULL),
('665', N'163', '33', '607.2', '607.2', NULL, '1', '0', NULL, '1', '1', N'SUCCION', NULL, NULL),
('666', N'163', '33', '607.2', '607.2', NULL, '1', '0', NULL, '1', '3', N'DESCARGA', NULL, NULL),
('667', N'163', '33', '607.2', '607.2', NULL, '1', '0', NULL, '1', '3', N'SUCCION', NULL, NULL),
('668', N'163', '33', '524.0', '235.4', NULL, '1', '0', NULL, '2', '1', N'DESCARGA', NULL, NULL),
('669', N'163', '33', '524.0', '235.4', NULL, '1', '0', NULL, '2', '1', N'SUCCION', NULL, NULL),
('670', N'163', '32', '607.2', '607.2', NULL, '1', '0', NULL, '1', '1', N'DESCARGA', NULL, NULL),
('671', N'163', '32', '607.2', '607.2', NULL, '1', '0', NULL, '1', '2', N'SUCCION', NULL, NULL),
('672', N'163', '32', '607.2', '607.2', NULL, '1', '0', NULL, '1', '2', N'DESCARGA', NULL, NULL),
('673', N'163', '32', '607.2', '607.2', NULL, '1', '0', NULL, '1', '3', N'SUCCION', NULL, NULL),
('674', N'163', '32', '607.2', '607.2', NULL, '1', '0', NULL, '1', '3', N'DESCARGA', NULL, NULL),
('675', N'163', '32', '607.2', '607.2', NULL, '1', '0', NULL, '1', '1', N'SUCCION', NULL, NULL),
('676', N'163', '31', '607.2', '607.2', NULL, '1', '0', NULL, '1', '1', N'DESCARGA', '1', NULL),
('677', N'163', '31', '607.2', '607.2', NULL, '1', '0', NULL, '1', '1', N'SUCCION', '1', NULL),
('678', N'163', '31', '607.2', '607.2', NULL, '1', '0', NULL, '1', '2', N'SUCCION', '4', NULL),
('679', N'163', '31', '607.2', '607.2', NULL, '1', '0', NULL, '1', '2', N'DESCARGA', '4', NULL),
('680', N'163', '31', '607.2', '607.2', NULL, '1', '0', NULL, '1', '3', N'SUCCION', '4', NULL),
('681', N'163', '32', '524.0', '235.4', NULL, '1', '0', NULL, '2', '1', N'DESCARGA', '1', NULL),
('682', N'163', '32', '524.0', '235.4', NULL, '1', '0', NULL, '2', '1', N'SUCCION', '1', NULL),
('683', N'163', '32', '99.8', '30.2', NULL, '1', '0', NULL, '3', '1', N'DESCARGA', '1', NULL),
('684', N'163', '32', '99.8', '30.2', NULL, '1', '0', NULL, '3', '1', N'SUCCION', '1', NULL),
('685', N'163', '32', '524.0', '235.4', NULL, '1', '0', NULL, '2', '2', N'SUCCION', '1', NULL),
('686', N'163', '32', '524.0', '235.4', NULL, '1', '0', NULL, '2', '2', N'DESCARGA', '1', NULL),
('687', N'163', '32', '524.0', '235.4', NULL, '1', '0', NULL, '2', '3', N'DESCARGA', '1', NULL),
('688', N'163', '32', '524.0', '235.4', NULL, '1', '0', NULL, '2', '3', N'SUCCION', '1', NULL),
('689', N'163', '32', '99.8', '30.2', NULL, '1', '0', NULL, '3', '2', N'DESCARGA', '1', NULL),
('690', N'163', '31', '607.2', '607.2', NULL, '1', '0', NULL, '1', '3', N'DESCARGA', '1', NULL),
('691', N'163', '31', '524.0', '235.4', NULL, '1', '0', NULL, '2', '1', N'SUCCION', '1', NULL),
('692', N'163', '31', '524.0', '235.4', NULL, '1', '0', NULL, '2', '1', N'DESCARGA', '1', NULL),
('693', N'163', '31', '99.8', '30.2', NULL, '1', '0', NULL, '3', '1', N'DESCARGA', '1', NULL),
('694', N'163', '31', '99.8', '30.2', NULL, '1', '0', NULL, '3', '1', N'SUCCION', '1', NULL),
('695', N'163', '31', '524.0', '235.4', NULL, '1', '0', NULL, '2', '2', N'DESCARGA', '1', NULL),
('696', N'163', '31', '524.0', '235.4', NULL, '1', '0', NULL, '2', '2', N'SUCCION', '1', NULL),
('697', N'163', '31', '524.0', '235.4', NULL, '1', '0', NULL, '2', '3', N'DESCARGA', '1', NULL),
('698', N'163', '31', '524.0', '235.4', NULL, '1', '0', NULL, '2', '3', N'SUCCION', '1', NULL),
('699', N'163', '31', '99.8', '30.2', NULL, '1', '0', NULL, '3', '2', N'SUCCION', '1', NULL),
('700', N'163', '31', '99.8', '30.2', NULL, '1', '0', NULL, '3', '2', N'DESCARGA', '1', NULL),
('701', N'163', '33', '524.0', '235.4', NULL, '1', '0', NULL, '2', '2', N'SUCCION', '1', NULL),
('702', N'163', '33', '524.0', '235.4', NULL, '1', '0', NULL, '2', '2', N'DESCARGA', '1', NULL),
('703', N'163', '33', '524.0', '235.4', NULL, '1', '0', NULL, '2', '3', N'DESCARGA', '1', NULL),
('704', N'163', '33', '524.0', '235.4', NULL, '1', '0', NULL, '2', '3', N'SUCCION', '1', NULL),
('705', N'163', '33', '99.8', '30.2', NULL, '1', '0', NULL, '3', '1', N'DESCARGA', '1', NULL),
('706', N'163', '33', '99.8', '30.2', NULL, '1', '0', NULL, '3', '1', N'SUCCION', '1', NULL),
('707', N'163', '33', '99.8', '30.2', NULL, '1', '0', NULL, '3', '2', N'DESCARGA', '1', NULL),
('708', N'163', '33', '99.8', '30.2', NULL, '1', '0', NULL, '3', '2', N'SUCCION', '1', NULL),
('709', N'163', '33', '99.8', '30.2', NULL, '1', '0', NULL, '3', '3', N'DESCARGA', '1', NULL),
('710', N'163', '31', '99.8', '30.2', NULL, '1', '0', NULL, '3', '3', N'DESCARGA', '1', NULL),
('711', N'163', '31', '99.8', '30.2', NULL, '1', '0', NULL, '3', '3', N'SUCCION', '1', NULL),
('712', N'163', '32', '99.8', '30.2', NULL, '1', '0', NULL, '3', '2', N'SUCCION', '1', NULL),
('713', N'163', '32', '99.8', '30.2', NULL, '1', '0', NULL, '3', '3', N'SUCCION', '1', NULL),
('714', N'163', '32', '99.8', '30.2', NULL, '1', '0', NULL, '3', '3', N'DESCARGA', '1', NULL),
('715', N'163', '33', '99.8', '30.2', NULL, '1', '0', NULL, '3', '3', N'SUCCION', '1', NULL),
('716', N'163', '29', '607.2', '607.2', NULL, '1', '0', NULL, '1', '1', N'', '2', '3'),
('717', N'163', '29', '607.2', '607.2', NULL, '1', '0', NULL, '1', '2', N'', '1', '3'),
('718', N'163', '29', '607.2', '607.2', NULL, '1', '0', NULL, '1', '3', N'', '1', '3'),
('719', N'163', '29', '99.8', '30.2', NULL, '1', '0', NULL, '3', '1', N'', '1', '3'),
('720', N'163', '29', '524.0', '235.4', NULL, '1', '0', NULL, '2', '1', N'', '1', '3'),
('721', N'163', '29', '524.0', '235.4', NULL, '1', '0', NULL, '2', '2', N'', '1', '3'),
('722', N'163', '29', '524.0', '235.4', NULL, '1', '0', NULL, '2', '3', N'', '1', '3'),
('723', N'163', '29', '99.8', '30.2', NULL, '1', '0', NULL, '3', '2', N'', '1', '3'),
('724', N'163', '29', '99.8', '30.2', NULL, '1', '0', NULL, '3', '3', N'', '1', '3'),
('725', N'163', '30', '607.2', '607.2', NULL, '0', '1', N'Mantenimiento Preventivo', '1', '2', N'', '1', '3'),
('726', N'163', '30', '524.0', '235.4', NULL, '1', '0', NULL, '2', '2', N'', '1', '3'),
('727', N'163', '30', '99.8', '30.2', NULL, '1', '0', NULL, '3', '2', N'', '1', '3'),
('728', N'163', '30', '99.8', '30.2', NULL, '1', '0', NULL, '3', '3', N'', '1', '3'),
('729', N'163', '30', '99.8', '30.2', NULL, '1', '0', NULL, '3', '1', N'', '1', '3'),
('730', N'163', '30', '607.2', '607.2', NULL, '0', '1', N'Rotura', '1', '1', N'', '5', '3'),
('731', N'163', '30', '607.2', '607.2', NULL, '0', '1', N'Mantenimiento Preventivo', '1', '3', N'', '5', '3'),
('732', N'163', '30', '524.0', '235.4', NULL, '1', '0', NULL, '2', '1', N'', '5', '3'),
('733', N'163', '30', '524.0', '235.4', NULL, '1', '0', NULL, '2', '3', N'', '5', '3'),
('734', N'168', '1', '647.6', '445.3', N'2', '1', '0', NULL, '1', '1', N'', '1', '5'),
('735', N'168', '1', '1184.3', '1270.0', N'3', '1', '0', NULL, '2', '1', N'', '1', '5'),
('736', N'168', '1', '1853.1', '1957.8', N'4', '1', '0', NULL, '3', '1', N'', '1', '5'),
('737', N'168', '5', '647.6', '445.3', N'', '1', '0', NULL, '1', '1', N'', '1', '5'),
('738', N'168', '13', '1184.3', '1270.0', N'', '1', '0', NULL, '2', '1', N'DESCARGA', '5', NULL),
('739', N'168', '13', '647.6', '445.3', N'', '1', '0', NULL, '1', '1', N'DESCARGA', '5', NULL),
('740', N'168', '13', '1853.1', '1957.8', N'', '1', '0', NULL, '3', '1', N'DESCARGA', '5', NULL),
('741', N'168', '13', '647.6', '445.3', N'', '1', '0', NULL, '1', '3', N'DESCARGA', '5', NULL),
('742', N'168', '13', '1184.3', '1270.0', N'', '1', '0', NULL, '2', '1', N'SUCCION', '5', NULL),
('743', N'168', '13', '1184.3', '1270.0', N'', '1', '0', NULL, '2', '2', N'DESCARGA', '5', NULL),
('744', N'168', '13', '647.6', '445.3', N'', '1', '0', NULL, '1', '3', N'SUCCION', '5', NULL),
('745', N'168', '13', '647.6', '445.3', N'', '1', '0', NULL, '1', '2', N'DESCARGA', '5', NULL),
('746', N'168', '13', '1184.3', '1270.0', N'', '1', '0', NULL, '2', '3', N'DESCARGA', '5', NULL),
('747', N'168', '13', '647.6', '445.3', N'', '1', '0', NULL, '1', '1', N'SUCCION', '5', NULL),
('748', N'168', '13', '0.0', '0.0', N'', '0', '0', NULL, '0', '0', NULL, '5', NULL),
('749', N'168', '13', '0.0', '0.0', N'', '0', '0', NULL, '0', '0', NULL, '5', NULL),
('750', N'168', '13', '647.6', '445.3', N'', '1', '0', NULL, '1', '2', N'SUCCION', '5', NULL),
('751', N'168', '13', '1853.1', '1957.8', N'', '1', '0', NULL, '3', '2', N'SUCCION', '5', NULL),
('752', N'168', '13', '1853.1', '1957.8', N'', '1', '0', NULL, '3', '1', N'SUCCION', '5', NULL),
('753', N'168', '13', '0.0', '0.0', N'', '0', '0', NULL, '0', '0', NULL, '5', NULL),
('754', N'168', '13', '0.0', '0.0', N'', '0', '0', NULL, '0', '0', NULL, '5', NULL),
('755', N'168', '13', '0.0', '0.0', N'', '0', '0', NULL, '0', '0', NULL, '5', NULL),
('756', N'168', '13', '1184.3', '1270.0', N'', '1', '0', NULL, '2', '2', N'SUCCION', '5', NULL),
('757', N'168', '13', '0.0', '0.0', N'', '0', '0', NULL, '0', '0', NULL, '5', NULL),
('758', N'168', '13', '1184.3', '1270.0', N'', '1', '0', NULL, '2', '3', N'SUCCION', '5', NULL),
('759', N'168', '5', '1853.1', '1957.8', N'', '1', '0', NULL, '3', '1', N'', '1', '5'),
('760', N'168', '5', '1184.3', '1270.0', N'', '1', '0', NULL, '2', '2', N'', '1', '5'),
('761', N'168', '5', '647.6', '445.3', N'', '1', '0', NULL, '1', '2', N'', '1', '5'),
('762', N'168', '5', '1184.3', '1270.0', N'', '1', '0', NULL, '2', '1', N'', '1', '5'),
('763', N'168', '5', '647.6', '445.3', N'', '1', '0', NULL, '1', '3', N'', '1', '5'),
('764', N'168', '5', '1184.3', '1270.0', N'', '1', '0', NULL, '2', '3', N'', '1', '5'),
('765', N'168', '5', '0.0', '0.0', N'', '0', '0', NULL, '0', '0', NULL, '1', '5'),
('766', N'168', '5', '0.0', '0.0', N'', '0', '0', NULL, '0', '0', NULL, '1', '5'),
('767', N'168', '5', '1853.1', '1957.8', N'', '1', '0', NULL, '3', '2', N'', '1', '5'),
('768', N'168', '5', '0.0', '0.0', N'', '0', '0', NULL, '0', '0', NULL, '1', '5'),
('769', N'168', '5', '0.0', '0.0', N'', '0', '0', NULL, '0', '0', NULL, '1', '5'),
('770', N'168', '5', '0.0', '0.0', N'', '0', '0', NULL, '0', '0', NULL, '1', '5'),
('771', N'168', '5', '0.0', '0.0', N'', '0', '0', NULL, '0', '0', NULL, '1', '5'),
('772', N'168', '15', '1853.1', '1957.8', N'', '1', '0', NULL, '3', '1', N'SUCCION', '1', NULL),
('773', N'168', '15', '1184.3', '1270.0', N'', '1', '0', NULL, '2', '2', N'SUCCION', '1', NULL),
('774', N'168', '15', '1184.3', '1270.0', N'', '1', '0', NULL, '2', '2', N'DESCARGA', '1', NULL),
('775', N'168', '15', '647.6', '445.3', N'', '1', '0', NULL, '1', '2', N'DESCARGA', '1', NULL),
('776', N'168', '15', '647.6', '445.3', N'', '1', '0', NULL, '1', '2', N'SUCCION', '1', NULL),
('777', N'168', '15', '647.6', '445.3', N'', '1', '0', NULL, '1', '3', N'DESCARGA', '1', NULL),
('778', N'168', '15', '647.6', '445.3', N'', '1', '0', NULL, '1', '3', N'SUCCION', '1', NULL),
('779', N'168', '1', '1184.3', '1270.0', N'5', '1', '0', NULL, '2', '2', N'', '1', '5'),
('780', N'168', '1', '1184.3', '1270.0', N'6', '1', '0', NULL, '2', '3', N'', '1', '5'),
('781', N'168', '1', '647.6', '445.3', N'7', '1', '0', NULL, '1', '2', N'', '1', '5'),
('782', N'168', '13', '0.0', '0.0', N'', '0', '0', NULL, '0', '0', NULL, '5', NULL),
('783', N'168', '13', '1853.1', '1957.8', N'', '1', '0', NULL, '3', '2', N'DESCARGA', '5', NULL),
('784', N'168', '13', '0.0', '0.0', N'', '0', '0', NULL, '0', '0', NULL, '5', NULL),
('785', N'168', '13', '0.0', '0.0', N'', '0', '0', NULL, '0', '0', NULL, '5', NULL),
('786', N'168', '13', '1853.1', '1957.8', N'', '1', '0', NULL, '3', '3', N'SUCCION', '5', NULL),
('787', N'168', '13', '1853.1', '1957.8', N'', '1', '0', NULL, '3', '3', N'DESCARGA', '5', NULL),
('788', N'168', '13', '0.0', '0.0', N'', '0', '0', NULL, '0', '0', NULL, '5', NULL),
('789', N'168', '13', '0.0', '0.0', N'', '0', '0', NULL, '0', '0', NULL, '5', NULL),
('790', N'168', '16', '0.0', '0.0', N'', '0', '0', NULL, '0', '0', NULL, '1', NULL),
('791', N'168', '16', '1853.1', '1957.8', N'', '1', '0', NULL, '3', '3', N'SUCCION', '1', NULL),
('792', N'168', '16', '0.0', '0.0', N'', '0', '0', NULL, '0', '0', NULL, '1', NULL),
('793', N'168', '16', '1853.1', '1957.8', N'', '1', '0', NULL, '3', '2', N'SUCCION', '1', NULL),
('794', N'168', '16', '1853.1', '1957.8', N'', '1', '0', NULL, '3', '2', N'DESCARGA', '1', NULL),
('795', N'168', '16', '1184.3', '1270.0', N'', '1', '0', NULL, '2', '3', N'SUCCION', '1', NULL),
('796', N'168', '16', '0.0', '0.0', N'', '0', '0', NULL, '0', '0', NULL, '1', NULL),
('797', N'168', '16', '1184.3', '1270.0', N'', '1', '0', NULL, '2', '3', N'DESCARGA', '1', NULL),
('798', N'168', '16', '0.0', '0.0', N'', '0', '0', NULL, '0', '0', NULL, '1', NULL),
('799', N'168', '16', '1853.1', '1957.8', N'', '1', '0', NULL, '3', '3', N'DESCARGA', '1', NULL),
('800', N'168', '16', '0.0', '0.0', N'', '0', '0', NULL, '0', '0', NULL, '1', NULL),
('801', N'168', '16', '0.0', '0.0', N'', '0', '0', NULL, '0', '0', NULL, '1', NULL),
('802', N'168', '16', '0.0', '0.0', N'', '0', '0', NULL, '0', '0', NULL, '1', NULL),
('803', N'168', '16', '0.0', '0.0', N'', '0', '0', NULL, '0', '0', NULL, '1', NULL),
('804', N'168', '5', '0.0', '0.0', N'', '0', '0', NULL, '0', '0', NULL, '1', '5'),
('805', N'168', '5', '0.0', '0.0', N'', '0', '0', NULL, '0', '0', NULL, '1', '5'),
('806', N'168', '5', '0.0', '0.0', N'', '0', '0', NULL, '0', '0', NULL, '1', '5'),
('807', N'168', '1', '0.0', '0.0', N'8', '0', '0', NULL, '0', '0', NULL, '1', '5'),
('808', N'168', '1', '1853.1', '1957.8', N'10', '1', '0', NULL, '3', '3', N'', '1', '5'),
('809', N'168', '1', '1853.1', '1957.8', N'11', '1', '0', NULL, '3', '2', N'', '1', '5'),
('810', N'168', '15', '1184.3', '1270.0', N'', '1', '0', NULL, '2', '3', N'SUCCION', '1', NULL),
('811', N'168', '15', '1184.3', '1270.0', N'', '1', '0', NULL, '2', '3', N'DESCARGA', '1', NULL),
('812', N'168', '15', '1853.1', '1957.8', N'', '1', '0', NULL, '3', '3', N'SUCCION', '1', NULL),
('813', N'168', '15', '1853.1', '1957.8', N'', '1', '0', NULL, '3', '3', N'DESCARGA', '1', NULL),
('814', N'168', '15', '0.0', '0.0', N'', '0', '0', NULL, '0', '0', NULL, '1', NULL),
('815', N'168', '15', '1853.1', '1957.8', N'', '1', '0', NULL, '3', '2', N'SUCCION', '1', NULL),
('816', N'168', '15', '1853.1', '1957.8', N'', '1', '0', NULL, '3', '2', N'DESCARGA', '1', NULL),
('817', N'168', '5', '0.0', '0.0', N'', '0', '0', NULL, '0', '0', NULL, '1', '5'),
('818', N'168', '5', '1853.1', '1957.8', N'', '1', '0', NULL, '3', '3', N'', '1', '5'),
('819', N'168', '5', '0.0', '0.0', N'', '0', '0', NULL, '0', '0', NULL, '1', '5'),
('820', N'168', '1', '0.0', '0.0', N'12', '0', '0', NULL, '0', '0', NULL, '1', '5'),
('821', N'168', '1', '0.0', '0.0', N'13', '0', '0', NULL, '0', '0', NULL, '1', '5'),
('822', N'168', '5', '0.0', '0.0', N'', '0', '0', NULL, '0', '0', NULL, '5', '5'),
('823', N'168', '5', '0.0', '0.0', N'', '0', '0', NULL, '0', '0', NULL, '5', '5'),
('824', N'168', '13', '0.0', '0.0', N'', '0', '0', NULL, '0', '0', NULL, '5', NULL),
('825', N'168', '13', '0.0', '0.0', N'', '0', '0', NULL, '0', '0', NULL, '5', NULL),
('826', N'168', '13', '0.0', '0.0', N'', '0', '0', NULL, '0', '0', NULL, '5', NULL),
('827', N'168', '13', '0.0', '0.0', N'', '0', '0', NULL, '0', '0', NULL, '5', NULL),
('828', N'168', '13', '0.0', '0.0', N'', '0', '0', NULL, '0', '0', NULL, '5', NULL),
('829', N'168', '13', '0.0', '0.0', N'', '0', '0', NULL, '0', '0', NULL, '5', NULL),
('830', N'168', '13', '0.0', '0.0', N'', '0', '0', NULL, '0', '0', NULL, '5', NULL),
('831', N'168', '13', '0.0', '0.0', N'', '0', '0', NULL, '0', '0', NULL, '5', NULL),
('832', N'168', '13', '0.0', '0.0', N'', '0', '0', NULL, '0', '0', NULL, '5', NULL),
('833', N'168', '13', '0.0', '0.0', N'', '0', '0', NULL, '0', '0', NULL, '5', NULL),
('834', N'168', '16', '0.0', '0.0', N'', '0', '0', NULL, '0', '0', NULL, '1', NULL),
('835', N'168', '16', '0.0', '0.0', N'', '0', '0', NULL, '0', '0', NULL, '1', NULL),
('836', N'168', '16', '0.0', '0.0', N'', '0', '0', NULL, '0', '0', NULL, '1', NULL),
('837', N'168', '16', '0.0', '0.0', N'', '0', '0', NULL, '0', '0', NULL, '1', NULL),
('838', N'168', '16', '0.0', '0.0', N'', '0', '0', NULL, '0', '0', NULL, '1', NULL),
('839', N'168', '16', '0.0', '0.0', N'', '0', '0', NULL, '0', '0', NULL, '1', NULL),
('840', N'168', '16', '0.0', '0.0', N'', '0', '0', NULL, '0', '0', NULL, '1', NULL),
('841', N'168', '16', '0.0', '0.0', N'', '0', '0', NULL, '0', '0', NULL, '1', NULL),
('842', N'168', '16', '0.0', '0.0', N'', '0', '0', NULL, '0', '0', NULL, '1', NULL),
('843', N'168', '16', '0.0', '0.0', N'', '0', '0', NULL, '0', '0', NULL, '1', NULL),
('844', N'168', '15', '0.0', '0.0', N'', '0', '0', NULL, '0', '0', NULL, '1', NULL),
('845', N'168', '15', '0.0', '0.0', N'', '0', '0', NULL, '0', '0', NULL, '1', NULL),
('846', N'168', '15', '0.0', '0.0', N'', '0', '0', NULL, '0', '0', NULL, '1', NULL),
('847', N'168', '15', '0.0', '0.0', N'', '0', '0', NULL, '0', '0', NULL, '1', NULL),
('848', N'168', '15', '0.0', '0.0', N'', '0', '0', NULL, '0', '0', NULL, '1', NULL),
('849', N'168', '15', '0.0', '0.0', N'', '0', '0', NULL, '0', '0', NULL, '1', NULL),
('850', N'168', '15', '0.0', '0.0', N'', '0', '0', NULL, '0', '0', NULL, '1', NULL),
('851', N'168', '15', '0.0', '0.0', N'', '0', '0', NULL, '0', '0', NULL, '1', NULL),
('852', N'168', '15', '0.0', '0.0', N'', '0', '0', NULL, '0', '0', NULL, '1', NULL),
('853', N'001', '13', '0.0', '0.0', N'', '0', '0', NULL, '0', '0', NULL, '1', NULL),
('854', N'001', '13', '0.0', '0.0', N'', '0', '0', NULL, '0', '0', NULL, '1', NULL),
('855', N'001', '13', '1092.4', '3541.0', N'', '1', '0', NULL, '2', '1', N'DESCARGA', '1', NULL),
('856', N'001', '13', '0.0', '0.0', N'', '0', '0', NULL, '0', '0', NULL, '1', NULL),
('857', N'001', '13', '883.7', '829.6', N'', '1', '0', NULL, '3', '3', N'DESCARGA', '1', NULL),
('858', N'001', '13', '0.0', '0.0', N'', '0', '0', NULL, '0', '0', NULL, '1', NULL),
('859', N'001', '13', '1665.3', '4540.9', N'', '1', '0', NULL, '1', '3', N'DESCARGA', '1', NULL),
('860', N'001', '5', '0.0', '0.0', N'', '0', '0', NULL, '0', '0', NULL, '6', '2'),
('861', N'001', '5', '0.0', '0.0', N'', '0', '0', NULL, '0', '0', NULL, '6', '2'),
('862', N'001', '5', '0.0', '0.0', N'', '0', '0', NULL, '0', '0', NULL, '6', '2'),
('863', N'170', '5', '0.0', '0.0', N'', '0', '0', NULL, '0', '0', NULL, '1', '6'),
('864', N'170', '5', '0.0', '0.0', N'', '0', '0', NULL, '0', '0', NULL, '1', '6'),
('865', N'170', '5', '0.0', '0.0', N'', '0', '0', NULL, '0', '0', NULL, '1', '6'),
('866', N'170', '5', '0.0', '0.0', N'', '0', '0', NULL, '0', '0', NULL, '1', '6'),
('867', N'170', '5', '0.0', '0.0', N'', '0', '0', NULL, '0', '0', NULL, '1', '6'),
('868', N'170', '5', '0.0', '0.0', N'', '0', '0', NULL, '0', '0', NULL, '1', '6'),
('869', N'170', '5', '0.0', '0.0', N'', '0', '0', NULL, '0', '0', NULL, '1', '6'),
('870', N'170', '5', '0.0', '0.0', N'', '0', '0', NULL, '0', '0', NULL, '1', '6'),
('871', N'170', '5', '0.0', '0.0', N'', '0', '0', NULL, '0', '0', NULL, '1', '6'),
('872', N'170', '5', '0.0', '0.0', N'', '0', '0', NULL, '0', '0', NULL, '1', '6'),
('873', N'170', '5', '0.0', '0.0', N'', '0', '0', NULL, '0', '0', NULL, '1', '6'),
('874', N'170', '5', '0.0', '0.0', N'', '0', '0', NULL, '0', '0', NULL, '1', '6'),
('875', N'170', '5', '0.0', '0.0', N'', '0', '0', NULL, '0', '0', NULL, '1', '6'),
('876', N'170', '5', '0.0', '0.0', N'', '0', '0', NULL, '0', '0', NULL, '1', '6'),
('877', N'170', '5', '0.0', '0.0', N'', '0', '0', NULL, '0', '0', NULL, '1', '6'),
('878', N'170', '5', '0.0', '0.0', N'', '0', '0', NULL, '0', '0', NULL, '1', '6'),
('879', N'170', '16', '0.0', '0.0', N'', '0', '0', NULL, '0', '0', NULL, '3', NULL),
('880', N'170', '16', '370.2', '32.1', N'', '1', '0', NULL, '1', '2', N'SUCCION', '3', NULL),
('881', N'170', '16', '370.2', '32.1', N'', '1', '0', NULL, '1', '1', N'DESCARGA', '3', NULL),
('882', N'170', '16', '0.0', '0.0', N'', '0', '0', NULL, '0', '0', NULL, '3', NULL),
('883', N'170', '16', '0.0', '0.0', N'', '0', '0', NULL, '0', '0', NULL, '3', NULL),
('884', N'167', '1', '1082.9', '1082.9', NULL, '1', '0', NULL, '1', '1', N'', '2', '3'),
('885', N'167', '5', '1082.9', '1082.9', NULL, '1', '0', NULL, '1', '1', N'', '5', '3'),
('886', N'167', '13', '1082.9', '1082.9', NULL, '1', '0', NULL, '1', '1', N'DESCARGA', '1', NULL),
('887', N'167', '13', '1082.9', '1082.9', NULL, '1', '0', NULL, '1', '1', N'SUCCION', '1', NULL),
('888', N'167', '15', '1082.9', '1082.9', NULL, '1', '0', NULL, '1', '1', N'SUCCION', NULL, NULL),
('889', N'167', '15', '1082.9', '1082.9', NULL, '1', '0', NULL, '1', '1', N'DESCARGA', NULL, NULL),
('890', N'167', '16', '1082.9', '1082.9', NULL, '1', '0', NULL, '1', '1', N'SUCCION', NULL, NULL),
('891', N'167', '16', '1082.9', '1082.9', NULL, '1', '0', NULL, '1', '1', N'DESCARGA', NULL, NULL),
('892', N'167', '1', '1082.9', '1082.9', NULL, '1', '0', NULL, '1', '2', N'', '1', '3'),
('893', N'167', '5', '1082.9', '1082.9', NULL, '1', '0', NULL, '1', '2', N'', '1', '3'),
('894', N'167', '13', '1082.9', '1082.9', NULL, '1', '0', NULL, '1', '2', N'SUCCION', '4', NULL),
('895', N'167', '13', '1082.9', '1082.9', NULL, '1', '0', NULL, '1', '2', N'DESCARGA', '4', NULL),
('896', N'167', '15', '1082.9', '1082.9', NULL, '1', '0', NULL, '1', '2', N'DESCARGA', NULL, NULL),
('897', N'167', '15', '1082.9', '1082.9', NULL, '1', '0', NULL, '1', '2', N'SUCCION', NULL, NULL),
('898', N'167', '16', '1082.9', '1082.9', NULL, '1', '0', NULL, '1', '2', N'SUCCION', NULL, NULL),
('899', N'167', '16', '1082.9', '1082.9', NULL, '1', '0', NULL, '1', '2', N'DESCARGA', NULL, NULL),
('900', N'167', '1', '1082.9', '1082.9', NULL, '1', '0', NULL, '1', '3', N'', '1', '3'),
('901', N'167', '5', '1082.9', '1082.9', NULL, '1', '0', NULL, '1', '3', N'', '5', '3'),
('902', N'167', '13', '1082.9', '1082.9', NULL, '1', '0', NULL, '1', '3', N'SUCCION', '4', NULL),
('903', N'167', '13', '1082.9', '1082.9', NULL, '1', '0', NULL, '1', '3', N'DESCARGA', '1', NULL),
('904', N'167', '15', '1082.9', '1082.9', NULL, '1', '0', NULL, '1', '3', N'DESCARGA', NULL, NULL),
('905', N'167', '15', '1082.9', '1082.9', NULL, '1', '0', NULL, '1', '3', N'SUCCION', NULL, NULL),
('906', N'167', '16', '1082.9', '1082.9', NULL, '1', '0', NULL, '1', '3', N'SUCCION', NULL, NULL),
('907', N'167', '16', '1082.9', '1082.9', NULL, '1', '0', NULL, '1', '3', N'DESCARGA', NULL, NULL),
('908', N'167', '1', '895.3', '895.3', NULL, '1', '0', NULL, '2', '1', N'', '1', '3'),
('909', N'167', '5', '895.3', '895.3', NULL, '1', '0', NULL, '2', '1', N'', '5', '3'),
('910', N'167', '13', '895.3', '895.3', NULL, '1', '0', NULL, '2', '1', N'SUCCION', '1', NULL),
('911', N'167', '13', '895.3', '895.3', NULL, '1', '0', NULL, '2', '1', N'DESCARGA', '1', NULL),
('912', N'167', '15', '895.3', '895.3', NULL, '1', '0', NULL, '2', '1', N'DESCARGA', NULL, NULL),
('913', N'167', '15', '895.3', '895.3', NULL, '1', '0', NULL, '2', '1', N'SUCCION', NULL, NULL),
('914', N'167', '16', '895.3', '895.3', NULL, '1', '0', NULL, '2', '1', N'DESCARGA', '1', NULL),
('915', N'167', '16', '895.3', '895.3', NULL, '1', '0', NULL, '2', '1', N'SUCCION', '1', NULL),
('916', N'167', '1', '895.3', '895.3', NULL, '1', '0', NULL, '2', '2', N'', '1', '3'),
('917', N'167', '5', '895.3', '895.3', NULL, '1', '0', NULL, '2', '2', N'', '1', '3'),
('918', N'167', '13', '895.3', '895.3', NULL, '1', '0', NULL, '2', '2', N'DESCARGA', '1', NULL),
('919', N'167', '13', '895.3', '895.3', NULL, '1', '0', NULL, '2', '2', N'SUCCION', '1', NULL),
('920', N'167', '15', '895.3', '895.3', NULL, '1', '0', NULL, '2', '2', N'SUCCION', '1', NULL),
('921', N'167', '15', '895.3', '895.3', NULL, '1', '0', NULL, '2', '2', N'DESCARGA', '1', NULL),
('922', N'167', '16', '895.3', '895.3', NULL, '1', '0', NULL, '2', '2', N'SUCCION', '1', NULL),
('923', N'167', '16', '895.3', '895.3', NULL, '1', '0', NULL, '2', '2', N'DESCARGA', '1', NULL),
('924', N'167', '1', '895.3', '895.3', NULL, '1', '0', NULL, '2', '3', N'', '1', '3'),
('925', N'167', '5', '895.3', '895.3', NULL, '1', '0', NULL, '2', '3', N'', '5', '3'),
('926', N'167', '13', '895.3', '895.3', NULL, '1', '0', NULL, '2', '3', N'DESCARGA', '1', NULL),
('927', N'167', '13', '895.3', '895.3', NULL, '1', '0', NULL, '2', '3', N'SUCCION', '1', NULL),
('928', N'167', '15', '895.3', '895.3', NULL, '1', '0', NULL, '2', '3', N'DESCARGA', '1', NULL),
('929', N'167', '15', '895.3', '895.3', NULL, '1', '0', NULL, '2', '3', N'SUCCION', '1', NULL),
('930', N'167', '16', '895.3', '895.3', NULL, '1', '0', NULL, '2', '3', N'DESCARGA', '1', NULL),
('931', N'167', '16', '895.3', '895.3', NULL, '1', '0', NULL, '2', '3', N'SUCCION', '1', NULL),
('932', N'167', '1', '887.3', '887.3', NULL, '1', '0', NULL, '3', '1', N'', '1', '3'),
('933', N'167', '5', '887.3', '887.3', NULL, '1', '0', NULL, '3', '1', N'', '1', '3'),
('934', N'167', '13', '887.3', '887.3', NULL, '1', '0', NULL, '3', '1', N'DESCARGA', '1', NULL),
('935', N'167', '13', '887.3', '887.3', NULL, '1', '0', NULL, '3', '1', N'SUCCION', '1', NULL),
('936', N'167', '15', '887.3', '887.3', NULL, '1', '0', NULL, '3', '1', N'DESCARGA', '1', NULL),
('937', N'167', '15', '887.3', '887.3', NULL, '1', '0', NULL, '3', '1', N'SUCCION', '1', NULL),
('938', N'167', '16', '887.3', '887.3', NULL, '1', '0', NULL, '3', '1', N'DESCARGA', '1', NULL),
('939', N'167', '16', '887.3', '887.3', NULL, '1', '0', NULL, '3', '1', N'SUCCION', '1', NULL),
('940', N'167', '1', '887.3', '887.3', NULL, '1', '0', NULL, '3', '2', N'', '1', '3'),
('941', N'167', '5', '887.3', '887.3', NULL, '1', '0', NULL, '3', '2', N'', '1', '3'),
('942', N'167', '13', '887.3', '887.3', NULL, '1', '0', NULL, '3', '2', N'SUCCION', '1', NULL),
('943', N'167', '13', '887.3', '887.3', NULL, '1', '0', NULL, '3', '2', N'DESCARGA', '1', NULL),
('944', N'167', '15', '887.3', '887.3', NULL, '1', '0', NULL, '3', '2', N'DESCARGA', '1', NULL),
('945', N'167', '15', '887.3', '887.3', NULL, '1', '0', NULL, '3', '2', N'SUCCION', '1', NULL),
('946', N'167', '16', '887.3', '887.3', NULL, '1', '0', NULL, '3', '2', N'SUCCION', '1', NULL),
('947', N'167', '16', '887.3', '887.3', NULL, '1', '0', NULL, '3', '2', N'DESCARGA', '1', NULL),
('948', N'167', '1', '887.3', '887.3', NULL, '1', '0', NULL, '3', '3', N'', '1', '3'),
('949', N'167', '5', '887.3', '887.3', NULL, '1', '0', NULL, '3', '3', N'', '1', '3'),
('950', N'167', '13', '887.3', '887.3', NULL, '1', '0', NULL, '3', '3', N'DESCARGA', '1', NULL),
('951', N'167', '13', '887.3', '887.3', NULL, '1', '0', NULL, '3', '3', N'SUCCION', '1', NULL),
('952', N'167', '15', '887.3', '887.3', NULL, '1', '0', NULL, '3', '3', N'DESCARGA', '1', NULL),
('953', N'167', '15', '887.3', '887.3', NULL, '1', '0', NULL, '3', '3', N'SUCCION', '1', NULL),
('954', N'167', '16', '887.3', '887.3', NULL, '1', '0', NULL, '3', '3', N'SUCCION', '1', NULL),
('955', N'167', '16', '887.3', '887.3', NULL, '1', '0', NULL, '3', '3', N'DESCARGA', '1', NULL),
('956', N'170', '1', '0.0', '0.0', N'21', '0', '0', NULL, '0', '0', NULL, '2', '4'),
('957', N'170', '1', '0.0', '0.0', N'22', '0', '0', NULL, '0', '0', NULL, '3', '4'),
('958', N'170', '1', '406.1', '58.3', N'23', '1', '0', NULL, '2', '1', NULL, '1', '2'),
('959', N'170', '1', '406.1', '58.3', N'24', '1', '0', NULL, '2', '2', NULL, '3', '2'),
('960', N'170', '1', '406.1', '58.3', N'25', '1', '0', NULL, '2', '3', NULL, '3', '2'),
('961', N'170', '5', '358.3', '32.1', N'', '1', '0', NULL, '1', '1', NULL, '1', '2'),
('962', N'170', '5', '354.1', '58.3', N'', '1', '0', NULL, '2', '1', NULL, '1', '2'),
('963', N'170', '5', '354.1', '58.3', N'', '1', '0', NULL, '2', '2', NULL, '1', '2'),
('964', N'170', '5', '354.1', '58.3', N'', '1', '0', NULL, '2', '3', NULL, '1', '2'),
('965', N'165', '1', '54.9', '3068.3', N'53', '0', '0', N'Rotura', '2', '2', N'', '1', '3'),
('966', N'165', '1', '42.7', '3068.3', N'54', '0', '0', N'Rotura', '2', '1', N'', '1', '3'),
('967', N'165', '1', '42.7', '3068.3', N'55', '0', '0', N'Rotura', '2', '3', N'', '1', '3'),
('968', N'165', '1', '79.0', '1006.1', N'56', '0', '0', N'Rotura', '3', '1', N'', '1', '3'),
('969', N'165', '1', '0.0', '0.0', N'58', '0', '0', NULL, '0', '0', NULL, '1', '3'),
('970', N'165', '1', '0.0', '0.0', N'59', '0', '0', NULL, '0', '0', NULL, '1', '3'),
('971', N'165', '1', '0.0', '0.0', N'60', '0', '0', NULL, '0', '0', NULL, '1', '3'),
('972', N'165', '1', '0.0', '0.0', N'61', '0', '0', NULL, '0', '0', NULL, '1', '3'),
('973', N'170', '13', '425.9', '58.3', N'', '1', '0', NULL, '2', '2', N'SUCCION', '3', NULL),
('974', N'170', '13', '425.9', '58.3', N'', '1', '0', NULL, '2', '3', N'DESCARGA', '3', NULL),
('975', N'170', '13', '411.4', '58.3', N'', '1', '0', NULL, '2', '1', N'SUCCION', '3', NULL),
('976', N'170', '13', '411.4', '58.3', N'', '1', '0', NULL, '2', '2', N'DESCARGA', '3', NULL),
('977', N'001', '16', '1630.8', '4540.9', N'', '1', '0', NULL, '1', '1', N'DESCARGA', '4', NULL),
('978', N'001', '16', '1630.8', '4540.9', N'', '1', '0', NULL, '1', '2', N'SUCCION', '4', NULL),
('979', N'001', '16', '0.0', '2448.6', N'', '0', '1', N'Mantenimiento Preventivo', '2', '1', N'DESCARGA', '4', NULL),
('980', N'001', '16', '1092.4', '3541.0', N'', '1', '0', NULL, '2', '1', N'SUCCION', '4', NULL),
('981', N'001', '16', '1659.1', '4540.9', N'', '1', '0', NULL, '1', '3', N'DESCARGA', '4', NULL),
('982', N'170', '13', '372.8', '32.1', N'', '1', '0', NULL, '1', '3', N'DESCARGA', '1', NULL),
('983', N'170', '13', '421.2', '60.8', N'', '1', '0', NULL, '3', '1', N'DESCARGA', '1', NULL),
('984', N'170', '13', '425.3', '60.8', N'', '1', '0', NULL, '3', '2', N'SUCCION', '1', NULL),
('985', N'170', '13', '370.8', '32.1', N'', '1', '0', NULL, '1', '1', N'SUCCION', '1', NULL),
('986', N'170', '13', '421.2', '60.8', N'', '1', '0', NULL, '3', '2', N'DESCARGA', '1', NULL),
('987', N'170', '13', '421.2', '60.8', N'', '1', '0', NULL, '3', '3', N'DESCARGA', '1', NULL),
('988', N'170', '16', '362.2', '32.1', N'', '1', '0', NULL, '1', '2', N'DESCARGA', '1', NULL),
('989', N'170', '16', '399.5', '60.8', N'', '1', '0', NULL, '3', '3', N'SUCCION', '1', NULL),
('990', N'170', '16', '421.2', '60.8', N'', '1', '0', NULL, '3', '3', N'DESCARGA', '1', NULL),
('991', N'170', '16', '0.0', '0.0', N'', '0', '0', NULL, '0', '0', NULL, '1', NULL),
('992', N'170', '16', '0.0', '0.0', N'', '0', '0', NULL, '0', '0', NULL, '1', NULL),
('993', N'170', '15', '421.2', '60.8', N'', '1', '0', NULL, '3', '3', N'DESCARGA', '1', NULL),
('994', N'170', '15', '421.1', '60.8', N'', '1', '0', NULL, '3', '2', N'DESCARGA', '1', NULL),
('995', N'170', '15', '0.0', '0.0', N'', '0', '0', NULL, '0', '0', NULL, '1', NULL),
('996', N'170', '15', '0.0', '0.0', N'', '0', '0', NULL, '0', '0', NULL, '1', NULL),
('997', N'170', '15', '421.2', '60.8', N'', '1', '0', NULL, '3', '3', N'SUCCION', '1', NULL),
('998', N'170', '15', '0.0', '0.0', N'', '0', '0', NULL, '0', '0', NULL, '1', NULL),
('999', N'170', '13', '370.2', '32.1', N'', '1', '0', NULL, '1', '1', N'DESCARGA', '5', NULL),
('1000', N'170', '13', '369.6', '58.3', N'', '1', '0', NULL, '2', '1', N'DESCARGA', '5', NULL);
INSERT INTO [dbo].[perforadorPieza] ([idPerforadorPieza], [perforador], [idPieza], [hs], [hsInst], [serie], [enUso], [baja], [motivo], [bomba], [cuerpo], [modulo], [idMarca], [idDiametro]) VALUES
('1001', N'170', '13', '421.1', '60.8', N'', '1', '0', NULL, '3', '1', N'SUCCION', '5', NULL),
('1002', N'170', '13', '370.2', '32.1', N'', '1', '0', NULL, '1', '2', N'SUCCION', '5', NULL),
('1003', N'170', '13', '362.2', '32.1', N'', '1', '0', NULL, '1', '2', N'DESCARGA', '5', NULL),
('1004', N'170', '13', '399.5', '60.8', N'', '1', '0', NULL, '3', '3', N'SUCCION', '5', NULL),
('1005', N'170', '5', '358.3', '32.1', N'', '1', '0', NULL, '1', '2', NULL, '1', '2'),
('1006', N'170', '5', '358.3', '32.1', N'', '1', '0', NULL, '1', '3', NULL, '1', '2'),
('1007', N'170', '5', '396.2', '60.8', N'', '1', '0', NULL, '3', '1', NULL, '1', '2'),
('1008', N'170', '5', '396.2', '60.8', N'', '1', '0', NULL, '3', '2', NULL, '1', '2'),
('1009', N'170', '5', '396.2', '60.8', N'', '1', '0', NULL, '3', '3', NULL, '1', '2'),
('1010', N'165', '1', '22.1', '3018.4', N'62', '0', '0', N'Rotura', '1', '1', N'', '1', '2'),
('1011', N'165', '1', '1710.1', '4706.4', N'63', '1', '0', NULL, '1', '3', N'', '1', '2'),
('1012', N'165', '1', '1865.7', '4934.0', N'64', '1', '0', NULL, '2', '1', N'', '1', '2'),
('1013', N'165', '1', '1865.7', '4934.0', N'65', '1', '0', NULL, '2', '2', N'', '1', '2'),
('1014', N'165', '1', '1865.7', '4934.0', N'66', '1', '0', NULL, '2', '3', N'', '1', '2'),
('1015', N'165', '1', '1539.7', '2545.8', N'67', '1', '0', NULL, '3', '1', N'', '1', '2'),
('1016', N'165', '1', '1539.7', '2545.8', N'68', '1', '0', NULL, '3', '2', N'', '1', '2'),
('1017', N'165', '1', '1539.7', '2545.8', N'69', '1', '0', NULL, '3', '3', N'', '1', '2'),
('1018', N'165', '1', '0.0', '0.0', N'70', '0', '0', NULL, '0', '0', NULL, '1', '2'),
('1019', N'165', '1', '0.0', '0.0', N'71', '0', '0', NULL, '0', '0', NULL, '1', '2'),
('1020', N'165', '5', '1710.1', '4706.4', N'', '1', '0', NULL, '1', '3', N'', '1', '2'),
('1021', N'165', '5', '1865.7', '4934.0', N'', '1', '0', NULL, '2', '1', N'', '1', '2'),
('1022', N'165', '5', '1865.7', '4934.0', N'', '1', '0', NULL, '2', '2', N'', '1', '2'),
('1023', N'165', '5', '1865.7', '4934.0', N'', '1', '0', NULL, '2', '3', N'', '1', '2'),
('1024', N'165', '5', '1539.7', '2545.8', N'', '1', '0', NULL, '3', '3', N'', '1', '2'),
('1025', N'165', '5', '1539.7', '2545.8', N'', '1', '0', NULL, '3', '1', N'', '1', '2'),
('1026', N'165', '5', '0.0', '0.0', N'', '0', '0', NULL, '0', '0', NULL, '1', '2'),
('1027', N'165', '5', '1539.7', '2545.8', N'', '1', '0', NULL, '3', '2', N'', '1', '2'),
('1028', N'165', '5', '0.0', '3018.4', N'', '0', '1', N'Rotura', '1', '1', N'', '1', '2'),
('1029', N'165', '5', '0.0', '0.0', N'', '0', '0', NULL, '0', '0', NULL, '1', '2'),
('1030', N'165', '5', '0.0', '3018.4', N'', '0', '1', N'Rotura', '1', '1', N'', '1', '2'),
('1031', N'165', '5', '1688.0', '4706.4', N'', '1', '0', NULL, '1', '1', N'', '1', '2'),
('1032', N'165', '5', '0.0', '0.0', N'', '0', '0', NULL, '0', '0', NULL, '1', '2'),
('1033', N'165', '13', '2198.0', '4706.4', N'', '1', '0', NULL, '1', '2', N'DESCARGA', '1', NULL),
('1034', N'165', '13', '1716.7', '4706.4', N'', '1', '0', NULL, '1', '3', N'DESCARGA', '1', NULL),
('1035', N'165', '13', '1710.1', '4706.4', N'', '1', '0', NULL, '1', '3', N'SUCCION', '1', NULL),
('1036', N'165', '13', '1865.7', '4934.0', N'', '1', '0', NULL, '2', '2', N'SUCCION', '1', NULL),
('1037', N'165', '13', '1849.0', '4934.0', N'', '1', '0', NULL, '2', '2', N'DESCARGA', '1', NULL),
('1038', N'165', '13', '0.0', '0.0', N'', '0', '0', NULL, '0', '0', NULL, '1', NULL),
('1039', N'165', '13', '0.0', '0.0', N'', '0', '0', NULL, '0', '0', NULL, '1', NULL),
('1040', N'165', '13', '0.0', '0.0', N'', '0', '0', NULL, '0', '0', NULL, '1', NULL),
('1041', N'165', '13', '0.0', '0.0', N'', '0', '0', NULL, '0', '0', NULL, '1', NULL),
('1042', N'165', '13', '0.0', '0.0', N'', '0', '0', NULL, '0', '0', NULL, '1', NULL),
('1043', N'165', '5', '0.0', '0.0', N'', '0', '0', NULL, '0', '0', NULL, '1', '3'),
('1044', N'165', '5', '0.0', '0.0', N'', '0', '0', NULL, '0', '0', NULL, '1', '3'),
('1045', N'165', '5', '0.0', '0.0', N'', '0', '0', NULL, '0', '0', NULL, '1', '3'),
('1046', N'165', '5', '0.0', '0.0', N'', '0', '0', NULL, '0', '0', NULL, '1', '3'),
('1047', N'165', '5', '0.0', '0.0', N'', '0', '0', NULL, '0', '0', NULL, '1', '3'),
('1048', N'165', '5', '0.0', '0.0', N'', '0', '0', NULL, '0', '0', NULL, '1', '3'),
('1049', N'165', '5', '0.0', '0.0', N'', '0', '0', NULL, '0', '0', NULL, '1', '3'),
('1050', N'165', '5', '0.0', '0.0', N'', '0', '0', NULL, '0', '0', NULL, '1', '3'),
('1051', N'165', '5', '0.0', '0.0', N'', '0', '0', NULL, '0', '0', NULL, '1', '3'),
('1052', N'170', '15', '0.0', '0.0', N'', '0', '0', NULL, '0', '0', NULL, '3', NULL),
('1053', N'170', '15', '0.0', '0.0', N'', '0', '0', NULL, '0', '0', NULL, '3', NULL),
('1054', N'170', '15', '0.0', '0.0', N'', '0', '0', NULL, '0', '0', NULL, '3', NULL),
('1055', N'170', '15', '0.0', '0.0', N'', '0', '0', NULL, '0', '0', NULL, '3', NULL),
('1056', N'170', '15', '0.0', '0.0', N'', '0', '0', NULL, '0', '0', NULL, '3', NULL),
('1057', N'170', '15', '0.0', '0.0', N'', '0', '0', NULL, '0', '0', NULL, '3', NULL),
('1058', N'170', '15', '0.0', '0.0', N'', '0', '0', NULL, '0', '0', NULL, '3', NULL),
('1059', N'170', '15', '0.0', '0.0', N'', '0', '0', NULL, '0', '0', NULL, '3', NULL),
('1060', N'170', '15', '0.0', '0.0', N'', '0', '0', NULL, '0', '0', NULL, '3', NULL),
('1061', N'170', '15', '0.0', '0.0', N'', '0', '0', NULL, '0', '0', NULL, '3', NULL),
('1062', N'170', '15', '0.0', '0.0', N'', '0', '0', NULL, '0', '0', NULL, '3', NULL),
('1063', N'170', '15', '0.0', '0.0', N'', '0', '0', NULL, '0', '0', NULL, '3', NULL),
('1064', N'001', '1', '5.3', '2910.2', N'18', '0', '0', N'Cambio de Diametro', '1', '2', NULL, '1', '6'),
('1065', N'001', '1', '5.3', '2910.2', N'19', '0', '0', N'Cambio de Diametro', '1', '1', NULL, '1', '6'),
('1066', N'001', '1', '818.7', '829.6', N'20', '1', '0', NULL, '3', '1', NULL, '1', '6'),
('1067', N'001', '1', '1098.8', '3541.0', N'21', '1', '0', NULL, '2', '3', NULL, '1', '6'),
('1068', N'001', '1', '1098.8', '3541.0', N'22', '1', '0', NULL, '2', '2', NULL, '1', '6'),
('1069', N'001', '1', '6.4', '2448.6', N'23', '0', '0', N'Cambio de Diametro', '2', '1', NULL, '1', '6'),
('1070', N'001', '1', '818.7', '829.6', N'24', '1', '0', NULL, '3', '2', NULL, '1', '6'),
('1071', N'001', '1', '818.7', '829.6', N'25', '1', '0', NULL, '3', '3', NULL, '1', '6'),
('1072', N'001', '1', '1636.0', '4540.9', N'26', '1', '0', NULL, '1', '3', NULL, '1', '6'),
('1073', N'001', '5', '818.7', '829.6', N'', '1', '0', NULL, '3', '2', NULL, '1', '6'),
('1074', N'001', '5', '0.0', '0.0', N'', '0', '0', NULL, '0', '0', NULL, '1', '6'),
('1075', N'001', '5', '5.3', '2910.2', N'', '0', '1', N'Cambio de Diametro', '1', '1', NULL, '1', '6'),
('1076', N'001', '5', '818.7', '829.6', N'', '1', '0', NULL, '3', '1', NULL, '1', '6'),
('1077', N'001', '5', '818.7', '829.6', N'', '1', '0', NULL, '3', '3', NULL, '1', '6'),
('1078', N'001', '5', '6.4', '2448.6', N'', '0', '1', N'Cambio de Diametro', '2', '1', NULL, '1', '6'),
('1079', N'001', '5', '5.3', '2910.2', N'', '0', '1', N'Cambio de Diametro', '1', '2', NULL, '1', '6'),
('1080', N'001', '5', '1098.8', '3541.0', N'', '1', '0', NULL, '2', '2', NULL, '1', '6'),
('1081', N'001', '5', '1636.0', '4540.9', N'', '1', '0', NULL, '1', '3', NULL, '1', '6'),
('1082', N'001', '5', '1098.8', '3541.0', N'', '1', '0', NULL, '2', '3', NULL, '1', '6'),
('1083', N'170', '13', '0.0', '0.0', N'', '0', '0', NULL, '0', '0', NULL, '1', NULL),
('1084', N'170', '13', '0.0', '0.0', N'', '0', '0', NULL, '0', '0', NULL, '1', NULL),
('1085', N'170', '13', '0.0', '0.0', N'', '0', '0', NULL, '0', '0', NULL, '1', NULL),
('1086', N'170', '13', '0.0', '0.0', N'', '0', '0', NULL, '0', '0', NULL, '1', NULL),
('1087', N'170', '13', '0.0', '0.0', N'', '0', '0', NULL, '0', '0', NULL, '1', NULL),
('1088', N'170', '13', '0.0', '0.0', N'', '0', '0', NULL, '0', '0', NULL, '1', NULL),
('1089', N'170', '13', '0.0', '0.0', N'', '0', '0', NULL, '0', '0', NULL, '1', NULL),
('1090', N'170', '5', '0.0', '0.0', N'', '0', '0', NULL, '0', '0', NULL, '1', '4'),
('1091', N'170', '5', '0.0', '0.0', N'', '0', '0', NULL, '0', '0', NULL, '1', '4'),
('1092', N'170', '5', '0.0', '0.0', N'', '0', '0', NULL, '0', '0', NULL, '1', '4'),
('1093', N'170', '5', '0.0', '0.0', N'', '0', '0', NULL, '0', '0', NULL, '1', '4'),
('1094', N'170', '5', '0.0', '0.0', N'', '0', '0', NULL, '0', '0', NULL, '1', '4'),
('1095', N'170', '5', '0.0', '0.0', N'', '0', '0', NULL, '0', '0', NULL, '1', '4'),
('1096', N'170', '5', '0.0', '0.0', N'', '0', '0', NULL, '0', '0', NULL, '1', '4'),
('1097', N'170', '5', '0.0', '0.0', N'', '0', '0', NULL, '0', '0', NULL, '1', '2'),
('1098', N'170', '5', '0.0', '0.0', N'', '0', '0', NULL, '0', '0', NULL, '1', '2'),
('1099', N'170', '5', '0.0', '0.0', N'', '0', '0', NULL, '0', '0', NULL, '1', '2'),
('1100', N'170', '5', '0.0', '0.0', N'', '0', '0', NULL, '0', '0', NULL, '1', '2'),
('1101', N'170', '5', '0.0', '0.0', N'', '0', '0', NULL, '0', '0', NULL, '1', '2'),
('1102', N'170', '5', '0.0', '0.0', N'', '0', '0', NULL, '0', '0', NULL, '1', '2'),
('1103', N'165', '1', '0.0', '0.0', N'72', '0', '0', NULL, '0', '0', NULL, '2', '4'),
('1104', N'165', '5', '0.0', '0.0', N'', '0', '0', NULL, '0', '0', NULL, '5', '4'),
('1105', N'165', '5', '0.0', '0.0', N'', '0', '0', NULL, '0', '0', NULL, '6', '4'),
('1106', N'165', '13', '0.0', '0.0', N'', '0', '0', NULL, '0', '0', NULL, '1', NULL),
('1107', N'165', '1', '0.0', '0.0', N'73', '0', '0', NULL, '0', '0', NULL, '4', '1'),
('1108', N'166', '15', '1334.8', '1334.8', N'', '0', '1', N'Mantenimiento Preventivo', '2', '1', N'DESCARGA', NULL, NULL),
('1109', N'166', '15', '1334.8', '1334.8', N'', '0', '1', N'Mantenimiento Preventivo', '2', '1', N'SUCCION', NULL, NULL),
('1110', N'166', '16', '55357.7', '64.9', N'', '1', '0', NULL, '1', '1', N'DESCARGA', NULL, NULL),
('1111', N'166', '16', '55357.7', '64.9', N'', '1', '0', NULL, '1', '2', N'SUCCION', NULL, NULL),
('1112', N'166', '16', '55357.7', '64.9', N'', '1', '0', NULL, '1', '3', N'SUCCION', NULL, NULL),
('1113', N'166', '16', '1334.8', '1334.8', N'', '0', '1', N'Mantenimiento Preventivo', '2', '1', N'DESCARGA', '1', NULL),
('1114', N'166', '16', '30591.1', '1.0', N'', '1', '0', NULL, '3', '1', N'DESCARGA', '1', NULL),
('1115', N'166', '16', '30591.1', '1.0', N'', '1', '0', NULL, '3', '1', N'SUCCION', '1', NULL),
('1116', N'166', '13', '30591.1', '1.0', N'', '1', '0', NULL, '3', '3', N'DESCARGA', '1', NULL),
('1117', N'166', '13', '30591.1', '1.0', N'', '1', '0', NULL, '3', '3', N'SUCCION', '1', NULL),
('1118', N'166', '13', '55357.7', '64.9', N'', '1', '0', NULL, '1', '1', N'DESCARGA', '1', NULL),
('1119', N'166', '13', '55357.7', '64.9', N'', '1', '0', NULL, '1', '1', N'SUCCION', '1', NULL),
('1120', N'166', '13', '55357.7', '64.9', N'', '1', '0', NULL, '1', '2', N'SUCCION', '1', NULL),
('1121', N'166', '16', '30591.1', '1.0', N'', '1', '0', NULL, '3', '2', N'SUCCION', '1', NULL),
('1122', N'166', '16', '30591.1', '1.0', N'', '1', '0', NULL, '3', '3', N'SUCCION', '1', NULL),
('1123', N'166', '16', '30591.1', '1.0', N'', '1', '0', NULL, '3', '3', N'DESCARGA', '1', NULL),
('1124', N'166', '16', '1503.4', '1.0', N'', '1', '0', NULL, '2', '1', N'SUCCION', '1', NULL),
('1125', N'166', '16', '55357.7', '64.9', N'', '1', '0', NULL, '1', '1', N'SUCCION', '1', NULL),
('1126', N'166', '16', '55357.7', '64.9', N'', '1', '0', NULL, '1', '2', N'DESCARGA', '1', NULL),
('1127', N'166', '16', '55357.7', '64.9', N'', '1', '0', NULL, '1', '3', N'DESCARGA', '1', NULL),
('1128', N'166', '16', '1503.4', '1.0', N'', '1', '0', NULL, '2', '2', N'SUCCION', '1', NULL),
('1129', N'166', '16', '1503.4', '1.0', N'', '1', '0', NULL, '2', '2', N'DESCARGA', '1', NULL),
('1130', N'166', '16', '168.6', '1.0', N'', '1', '0', NULL, '2', '1', N'DESCARGA', '1', NULL),
('1131', N'166', '15', '30591.1', '1.0', N'', '1', '0', NULL, '3', '3', N'SUCCION', '1', NULL),
('1132', N'166', '15', '55357.7', '64.9', N'', '1', '0', NULL, '1', '1', N'DESCARGA', '1', NULL),
('1133', N'166', '15', '55357.7', '64.9', N'', '1', '0', NULL, '1', '2', N'DESCARGA', '1', NULL),
('1134', N'166', '15', '55357.7', '64.9', N'', '1', '0', NULL, '1', '2', N'SUCCION', '1', NULL),
('1135', N'166', '15', '55357.7', '64.9', N'', '1', '0', NULL, '1', '3', N'DESCARGA', '1', NULL),
('1136', N'166', '15', '55357.7', '64.9', N'', '1', '0', NULL, '1', '3', N'SUCCION', '1', NULL),
('1137', N'166', '15', '168.6', '1.0', N'', '1', '0', NULL, '2', '1', N'DESCARGA', '1', NULL),
('1138', N'166', '15', '55357.7', '64.9', N'', '1', '0', NULL, '1', '1', N'SUCCION', '1', NULL),
('1139', N'166', '15', '168.6', '1.0', N'', '1', '0', NULL, '2', '1', N'SUCCION', '1', NULL),
('1140', N'166', '13', '1334.8', '1334.8', N'', '0', '1', N'Mantenimiento Preventivo', '2', '1', N'SUCCION', '1', NULL),
('1141', N'166', '13', '1334.8', '1334.8', N'', '0', '1', N'Mantenimiento Preventivo', '2', '1', N'DESCARGA', '1', NULL),
('1142', N'166', '13', '30591.1', '1.0', N'', '1', '0', NULL, '3', '1', N'DESCARGA', '1', NULL),
('1143', N'166', '13', '30591.1', '1.0', N'', '1', '0', NULL, '3', '1', N'SUCCION', '1', NULL),
('1144', N'166', '13', '1503.4', '1.0', N'', '1', '0', NULL, '2', '3', N'DESCARGA', '1', NULL),
('1145', N'166', '13', '1503.4', '1.0', N'', '1', '0', NULL, '2', '3', N'SUCCION', '1', NULL),
('1146', N'166', '13', '30591.1', '1.0', N'', '1', '0', NULL, '3', '2', N'SUCCION', '1', NULL),
('1147', N'166', '13', '30591.1', '1.0', N'', '1', '0', NULL, '3', '2', N'DESCARGA', '1', NULL),
('1148', N'166', '15', '1503.4', '1.0', N'', '1', '0', NULL, '2', '2', N'SUCCION', '1', NULL),
('1149', N'166', '15', '1503.4', '1.0', N'', '1', '0', NULL, '2', '2', N'DESCARGA', '1', NULL),
('1150', N'166', '15', '1503.4', '1.0', N'', '1', '0', NULL, '2', '3', N'DESCARGA', '1', NULL),
('1151', N'166', '15', '1503.4', '1.0', N'', '1', '0', NULL, '2', '3', N'SUCCION', '1', NULL),
('1152', N'166', '15', '30591.1', '1.0', N'', '1', '0', NULL, '3', '1', N'DESCARGA', '1', NULL),
('1153', N'166', '15', '30591.1', '1.0', N'', '1', '0', NULL, '3', '1', N'SUCCION', '1', NULL),
('1154', N'166', '15', '30591.1', '1.0', N'', '1', '0', NULL, '3', '2', N'DESCARGA', '1', NULL),
('1155', N'166', '15', '30591.1', '1.0', N'', '1', '0', NULL, '3', '2', N'SUCCION', '1', NULL),
('1156', N'166', '15', '30591.1', '1.0', N'', '1', '0', NULL, '3', '3', N'DESCARGA', '1', NULL),
('1157', N'166', '13', '55357.7', '64.9', N'', '1', '0', NULL, '1', '2', N'DESCARGA', '1', NULL),
('1158', N'166', '13', '55357.7', '64.9', N'', '1', '0', NULL, '1', '3', N'DESCARGA', '1', NULL),
('1159', N'166', '13', '55357.7', '64.9', N'', '1', '0', NULL, '1', '3', N'SUCCION', '1', NULL),
('1160', N'166', '13', '1503.4', '1.0', N'', '1', '0', NULL, '2', '2', N'SUCCION', '1', NULL),
('1161', N'166', '13', '1503.4', '1.0', N'', '1', '0', NULL, '2', '2', N'DESCARGA', '1', NULL),
('1162', N'166', '13', '168.6', '1.0', N'', '1', '0', NULL, '2', '1', N'SUCCION', '1', NULL),
('1163', N'166', '13', '168.6', '1.0', N'', '1', '0', NULL, '2', '1', N'DESCARGA', '1', NULL),
('1164', N'166', '13', '0.0', '0.0', N'', '0', '0', NULL, '0', '0', NULL, '1', NULL),
('1165', N'166', '13', '0.0', '0.0', N'', '0', '0', NULL, '0', '0', NULL, '1', NULL),
('1166', N'166', '13', '0.0', '0.0', N'', '0', '0', NULL, '0', '0', NULL, '1', NULL),
('1167', N'166', '16', '1503.4', '1.0', N'', '1', '0', NULL, '2', '3', N'DESCARGA', '1', NULL),
('1168', N'166', '16', '1503.4', '1.0', N'', '1', '0', NULL, '2', '3', N'SUCCION', '1', NULL),
('1169', N'166', '16', '30591.1', '1.0', N'', '1', '0', NULL, '3', '2', N'DESCARGA', '1', NULL),
('1170', N'166', '13', '0.0', '0.0', N'', '0', '0', NULL, '0', '0', NULL, '1', NULL),
('1171', N'166', '1', '0.0', '0.0', N'73', '0', '0', NULL, '0', '0', NULL, '4', '1'),
('1172', N'166', '1', '0.0', '0.0', N'8', '0', '0', N'Cambio de Diametro', '1', '1', N'', '2', '1'),
('1173', N'166', '1', '55357.7', '64.9', N'62', '1', '0', NULL, '1', '1', N'', '1', '2'),
('1174', N'166', '1', '55357.7', '64.9', N'63', '1', '0', NULL, '1', '3', N'', '1', '2'),
('1175', N'166', '1', '1503.4', '1.0', N'64', '1', '0', NULL, '2', '1', N'', '1', '2'),
('1176', N'166', '1', '1503.4', '1.0', N'65', '1', '0', NULL, '2', '2', N'', '1', '2'),
('1177', N'166', '1', '1503.4', '1.0', N'66', '1', '0', NULL, '2', '3', N'', '1', '2'),
('1178', N'166', '1', '30591.1', '1.0', N'67', '1', '0', NULL, '3', '1', N'', '1', '2'),
('1179', N'166', '1', '30591.1', '1.0', N'68', '1', '0', NULL, '3', '2', N'', '1', '2'),
('1180', N'166', '1', '30591.1', '1.0', N'69', '1', '0', NULL, '3', '3', N'', '1', '2'),
('1181', N'166', '1', '0.0', '0.0', N'70', '0', '0', NULL, '0', '0', NULL, '1', '2'),
('1182', N'166', '1', '0.0', '0.0', N'71', '0', '0', NULL, '0', '0', NULL, '1', '2'),
('1183', N'166', '5', '55357.7', '64.9', N'', '1', '0', NULL, '1', '3', N'', '1', '2'),
('1184', N'166', '5', '1503.4', '1.0', N'', '1', '0', NULL, '2', '1', N'', '1', '2'),
('1185', N'166', '5', '1503.4', '1.0', N'', '1', '0', NULL, '2', '2', N'', '1', '2'),
('1186', N'166', '5', '1503.4', '1.0', N'', '1', '0', NULL, '2', '3', N'', '1', '2'),
('1187', N'166', '5', '30591.1', '1.0', N'', '1', '0', NULL, '3', '3', N'', '1', '2'),
('1188', N'166', '5', '30591.1', '1.0', N'', '1', '0', NULL, '3', '1', N'', '1', '2'),
('1189', N'166', '5', '0.0', '0.0', N'', '0', '0', NULL, '0', '0', NULL, '1', '2'),
('1190', N'166', '5', '30591.1', '1.0', N'', '1', '0', NULL, '3', '2', N'', '1', '2'),
('1191', N'166', '5', '0.0', '0.0', N'', '0', '0', NULL, '0', '0', NULL, '1', '2'),
('1192', N'166', '5', '55357.7', '64.9', N'', '1', '0', NULL, '1', '1', N'', '1', '2'),
('1193', N'166', '5', '0.0', '0.0', N'', '0', '0', NULL, '0', '0', NULL, '1', '2'),
('1194', N'166', '1', '0.0', '0.0', N'12', '0', '0', N'Rotura', '1', '1', N'', '2', '2'),
('1195', N'166', '1', '0.0', '0.0', N'15', '0', '0', N'Rotura', '1', '2', N'', '2', '2'),
('1196', N'166', '1', '55357.7', '64.9', N'16', '1', '0', NULL, '1', '2', N'', '2', '2'),
('1197', N'166', '5', '55357.7', '64.9', N'', '1', '0', NULL, '1', '2', N'', '5', '2'),
('1198', N'166', '1', '0.0', '0.0', N'53', '0', '0', N'Rotura', '2', '2', N'', '1', '3'),
('1199', N'166', '1', '0.0', '0.0', N'54', '0', '0', N'Rotura', '2', '1', N'', '1', '3'),
('1200', N'166', '1', '0.0', '0.0', N'55', '0', '0', N'Rotura', '2', '3', N'', '1', '3'),
('1201', N'166', '1', '0.0', '0.0', N'56', '0', '0', N'Rotura', '3', '1', N'', '1', '3'),
('1202', N'166', '1', '0.0', '0.0', N'58', '0', '0', NULL, '0', '0', NULL, '1', '3'),
('1203', N'166', '1', '0.0', '0.0', N'59', '0', '0', NULL, '0', '0', NULL, '1', '3'),
('1204', N'166', '1', '0.0', '0.0', N'60', '0', '0', NULL, '0', '0', NULL, '1', '3'),
('1205', N'166', '1', '0.0', '0.0', N'61', '0', '0', NULL, '0', '0', NULL, '1', '3'),
('1206', N'166', '1', '0.0', '0.0', N'29', '0', '0', N'Rotura', '1', '2', N'', '1', '3'),
('1207', N'166', '1', '0.0', '0.0', N'37', '0', '0', N'Rotura', '3', '3', N'', '1', '3'),
('1208', N'166', '1', '0.0', '0.0', N'38', '0', '0', N'Rotura', '1', '1', N'', '1', '3'),
('1209', N'166', '1', '0.0', '0.0', N'39', '0', '0', N'Rotura', '3', '2', N'', '1', '3'),
('1210', N'166', '1', '0.0', '0.0', N'40', '0', '0', N'Rotura', '1', '3', N'', '1', '3'),
('1211', N'166', '5', '0.0', '0.0', N'', '0', '0', NULL, '0', '0', NULL, '1', '3'),
('1212', N'166', '5', '0.0', '0.0', N'', '0', '0', NULL, '0', '0', NULL, '1', '3'),
('1213', N'166', '5', '0.0', '0.0', N'', '0', '0', NULL, '0', '0', NULL, '1', '3'),
('1214', N'166', '5', '0.0', '0.0', N'', '0', '0', NULL, '0', '0', NULL, '1', '3'),
('1215', N'166', '5', '0.0', '0.0', N'', '0', '0', NULL, '0', '0', NULL, '1', '3'),
('1216', N'166', '5', '0.0', '0.0', N'', '0', '0', NULL, '0', '0', NULL, '1', '3'),
('1217', N'166', '5', '0.0', '0.0', N'', '0', '0', NULL, '0', '0', NULL, '1', '3'),
('1218', N'166', '5', '0.0', '0.0', N'', '0', '0', NULL, '0', '0', NULL, '1', '3'),
('1219', N'166', '5', '0.0', '0.0', N'', '0', '0', NULL, '0', '0', NULL, '1', '3'),
('1220', N'166', '1', '0.0', '0.0', N'72', '0', '0', NULL, '0', '0', NULL, '2', '4'),
('1221', N'166', '5', '0.0', '0.0', N'', '0', '0', NULL, '0', '0', NULL, '5', '4'),
('1222', N'166', '5', '0.0', '0.0', N'', '0', '0', NULL, '0', '0', NULL, '6', '4'),
('1223', N'166', '5', '0.0', '0.0', N'', '0', '0', NULL, '0', '0', NULL, '2', '4'),
('1224', N'166', '5', '0.0', '0.0', N'', '0', '0', NULL, '0', '0', NULL, '1', '4'),
('1225', N'166', '1', '0.0', '0.0', N'22', '0', '0', NULL, '0', '0', NULL, '1', '4'),
('1226', N'166', '5', '0.0', '0.0', N'', '0', '0', NULL, '0', '0', NULL, '1', '4'),
('1227', N'166', '5', '0.0', '0.0', N'', '0', '0', NULL, '0', '0', NULL, '1', '4'),
('1228', N'166', '5', '0.0', '0.0', N'', '0', '0', NULL, '0', '0', NULL, '1', '4'),
('1229', N'166', '5', '0.0', '0.0', N'', '0', '0', NULL, '0', '0', NULL, '1', '4'),
('1230', N'166', '5', '0.0', '0.0', N'', '0', '0', NULL, '0', '0', NULL, '1', '4'),
('1231', N'166', '5', '0.0', '0.0', N'', '0', '0', NULL, '0', '0', NULL, '1', '4'),
('1232', N'166', '5', '0.0', '0.0', N'', '0', '0', NULL, '0', '0', NULL, '1', '4'),
('1233', N'166', '5', '0.0', '0.0', N'', '0', '0', NULL, '0', '0', NULL, '1', '4'),
('1234', N'166', '5', '0.0', '0.0', N'', '0', '0', NULL, '0', '0', NULL, '1', '4'),
('1235', N'166', '5', '0.0', '0.0', N'', '0', '0', NULL, '0', '0', NULL, '1', '4'),
('1236', N'166', '5', '0.0', '0.0', N'', '0', '0', NULL, '0', '0', NULL, '1', '4'),
('1237', N'166', '1', '0.0', '0.0', N'23', '0', '0', NULL, '0', '0', NULL, '1', '5'),
('1238', N'166', '1', '0.0', '0.0', N'24', '0', '0', NULL, '0', '0', NULL, '1', '5'),
('1239', N'166', '1', '0.0', '0.0', N'25', '0', '0', NULL, '0', '0', NULL, '1', '5'),
('1240', N'166', '1', '0.0', '0.0', N'26', '0', '0', NULL, '0', '0', NULL, '1', '5'),
('1241', N'166', '5', '0.0', '0.0', N'', '0', '0', NULL, '1', '1', N'0', '2', '5'),
('1242', N'166', '1', '0.0', '0.0', N'27', '0', '0', NULL, '0', '0', NULL, '1', '6'),
('1243', N'166', '5', '0.0', '0.0', N'', '0', '0', NULL, '0', '0', NULL, '1', '6'),
('1244', N'166', '5', '0.0', '0.0', N'', '0', '0', NULL, '0', '0', NULL, '1', '6'),
('1245', N'166', '5', '0.0', '0.0', N'', '0', '0', NULL, '0', '0', NULL, '1', '6'),
('1246', N'166', '5', '0.0', '0.0', N'', '0', '0', NULL, '0', '0', NULL, '1', '6'),
('1247', N'166', '5', '0.0', '0.0', N'', '0', '0', NULL, '0', '0', NULL, '1', '6'),
('1248', N'166', '5', '0.0', '0.0', N'', '0', '0', NULL, '0', '0', NULL, '1', '6'),
('1249', N'166', '5', '0.0', '0.0', N'', '0', '0', NULL, '0', '0', NULL, '1', '6'),
('1250', N'166', '5', '0.0', '0.0', N'', '0', '0', NULL, '0', '0', NULL, '1', '6'),
('1251', N'169', '15', '1566.7', '1566.7', N'', '1', '0', NULL, '2', '1', N'DESCARGA', NULL, NULL),
('1252', N'169', '15', '1566.7', '1566.7', N'', '1', '0', NULL, '2', '1', N'SUCCION', NULL, NULL),
('1253', N'169', '16', '1619.1', '1619.1', N'', '1', '0', NULL, '1', '1', N'DESCARGA', NULL, NULL),
('1254', N'169', '16', '1619.1', '1619.1', N'', '1', '0', NULL, '1', '2', N'SUCCION', NULL, NULL),
('1255', N'169', '16', '1619.1', '1619.1', N'', '1', '0', NULL, '1', '3', N'SUCCION', NULL, NULL),
('1256', N'169', '16', '1566.7', '1566.7', N'', '1', '0', NULL, '2', '1', N'DESCARGA', '1', NULL),
('1257', N'169', '16', '1435.8', '1435.8', N'', '1', '0', NULL, '3', '1', N'DESCARGA', '1', NULL),
('1258', N'169', '16', '1435.8', '1435.8', N'', '1', '0', NULL, '3', '1', N'SUCCION', '1', NULL),
('1259', N'169', '13', '1435.8', '1435.8', N'', '1', '0', NULL, '3', '3', N'DESCARGA', '1', NULL),
('1260', N'169', '13', '1435.8', '1435.8', N'', '1', '0', NULL, '3', '3', N'SUCCION', '1', NULL),
('1261', N'169', '13', '1619.1', '1619.1', N'', '1', '0', NULL, '1', '1', N'DESCARGA', '1', NULL),
('1262', N'169', '13', '1619.1', '1619.1', N'', '1', '0', NULL, '1', '1', N'SUCCION', '1', NULL),
('1263', N'169', '13', '1619.1', '1619.1', N'', '1', '0', NULL, '1', '2', N'SUCCION', '1', NULL),
('1264', N'169', '16', '1435.8', '1435.8', N'', '1', '0', NULL, '3', '2', N'SUCCION', '1', NULL),
('1265', N'169', '16', '1435.8', '1435.8', N'', '1', '0', NULL, '3', '3', N'SUCCION', '1', NULL),
('1266', N'169', '16', '1435.8', '1435.8', N'', '1', '0', NULL, '3', '3', N'DESCARGA', '1', NULL),
('1267', N'169', '16', '1566.7', '1566.7', N'', '1', '0', NULL, '2', '1', N'SUCCION', '1', NULL),
('1268', N'169', '16', '1619.1', '1619.1', N'', '1', '0', NULL, '1', '1', N'SUCCION', '1', NULL),
('1269', N'169', '16', '1619.1', '1619.1', N'', '1', '0', NULL, '1', '2', N'DESCARGA', '1', NULL),
('1270', N'169', '16', '1619.1', '1619.1', N'', '1', '0', NULL, '1', '3', N'DESCARGA', '1', NULL),
('1271', N'169', '16', '1566.7', '1566.7', N'', '1', '0', NULL, '2', '2', N'SUCCION', '1', NULL),
('1272', N'169', '16', '1566.7', '1566.7', N'', '1', '0', NULL, '2', '2', N'DESCARGA', '1', NULL),
('1273', N'169', '16', '0.0', '0.0', N'', '0', '0', NULL, '0', '0', NULL, '1', NULL),
('1274', N'169', '15', '1435.8', '1435.8', N'', '1', '0', NULL, '3', '3', N'SUCCION', '1', NULL),
('1275', N'169', '15', '1619.1', '1619.1', N'', '1', '0', NULL, '1', '1', N'DESCARGA', '1', NULL),
('1276', N'169', '15', '1619.1', '1619.1', N'', '1', '0', NULL, '1', '2', N'DESCARGA', '1', NULL),
('1277', N'169', '15', '1619.1', '1619.1', N'', '1', '0', NULL, '1', '2', N'SUCCION', '1', NULL),
('1278', N'169', '15', '1619.1', '1619.1', N'', '1', '0', NULL, '1', '3', N'DESCARGA', '1', NULL),
('1279', N'169', '15', '1619.1', '1619.1', N'', '1', '0', NULL, '1', '3', N'SUCCION', '1', NULL),
('1280', N'169', '15', '0.0', '0.0', N'', '0', '0', NULL, '0', '0', NULL, '1', NULL),
('1281', N'169', '15', '1619.1', '1619.1', N'', '1', '0', NULL, '1', '1', N'SUCCION', '1', NULL),
('1282', N'169', '15', '0.0', '0.0', N'', '0', '0', NULL, '0', '0', NULL, '1', NULL),
('1283', N'169', '13', '1566.7', '1566.7', N'', '1', '0', NULL, '2', '1', N'SUCCION', '1', NULL),
('1284', N'169', '13', '1566.7', '1566.7', N'', '1', '0', NULL, '2', '1', N'DESCARGA', '1', NULL),
('1285', N'169', '13', '1435.8', '1435.8', N'', '1', '0', NULL, '3', '1', N'DESCARGA', '1', NULL),
('1286', N'169', '13', '1435.8', '1435.8', N'', '1', '0', NULL, '3', '1', N'SUCCION', '1', NULL),
('1287', N'169', '13', '1566.7', '1566.7', N'', '1', '0', NULL, '2', '3', N'DESCARGA', '1', NULL),
('1288', N'169', '13', '1566.7', '1566.7', N'', '1', '0', NULL, '2', '3', N'SUCCION', '1', NULL),
('1289', N'169', '13', '1435.8', '1435.8', N'', '1', '0', NULL, '3', '2', N'SUCCION', '1', NULL),
('1290', N'169', '13', '1435.8', '1435.8', N'', '1', '0', NULL, '3', '2', N'DESCARGA', '1', NULL),
('1291', N'169', '15', '1566.7', '1566.7', N'', '1', '0', NULL, '2', '2', N'SUCCION', '1', NULL),
('1292', N'169', '15', '1566.7', '1566.7', N'', '1', '0', NULL, '2', '2', N'DESCARGA', '1', NULL),
('1293', N'169', '15', '1566.7', '1566.7', N'', '1', '0', NULL, '2', '3', N'DESCARGA', '1', NULL),
('1294', N'169', '15', '1566.7', '1566.7', N'', '1', '0', NULL, '2', '3', N'SUCCION', '1', NULL),
('1295', N'169', '15', '1435.8', '1435.8', N'', '1', '0', NULL, '3', '1', N'DESCARGA', '1', NULL),
('1296', N'169', '15', '1435.8', '1435.8', N'', '1', '0', NULL, '3', '1', N'SUCCION', '1', NULL),
('1297', N'169', '15', '1435.8', '1435.8', N'', '1', '0', NULL, '3', '2', N'DESCARGA', '1', NULL),
('1298', N'169', '15', '1435.8', '1435.8', N'', '1', '0', NULL, '3', '2', N'SUCCION', '1', NULL),
('1299', N'169', '15', '1435.8', '1435.8', N'', '1', '0', NULL, '3', '3', N'DESCARGA', '1', NULL),
('1300', N'169', '13', '1619.1', '1619.1', N'', '1', '0', NULL, '1', '2', N'DESCARGA', '1', NULL),
('1301', N'169', '13', '1619.1', '1619.1', N'', '1', '0', NULL, '1', '3', N'DESCARGA', '1', NULL),
('1302', N'169', '13', '1619.1', '1619.1', N'', '1', '0', NULL, '1', '3', N'SUCCION', '1', NULL),
('1303', N'169', '13', '1566.7', '1566.7', N'', '1', '0', NULL, '2', '2', N'SUCCION', '1', NULL),
('1304', N'169', '13', '1566.7', '1566.7', N'', '1', '0', NULL, '2', '2', N'DESCARGA', '1', NULL),
('1305', N'169', '13', '0.0', '0.0', N'', '0', '0', NULL, '0', '0', NULL, '1', NULL),
('1306', N'169', '13', '0.0', '0.0', N'', '0', '0', NULL, '0', '0', NULL, '1', NULL),
('1307', N'169', '13', '0.0', '0.0', N'', '0', '0', NULL, '0', '0', NULL, '1', NULL),
('1308', N'169', '13', '0.0', '0.0', N'', '0', '0', NULL, '0', '0', NULL, '1', NULL),
('1309', N'169', '13', '0.0', '0.0', N'', '0', '0', NULL, '0', '0', NULL, '1', NULL),
('1310', N'169', '16', '1566.7', '1566.7', N'', '1', '0', NULL, '2', '3', N'DESCARGA', '1', NULL),
('1311', N'169', '16', '1566.7', '1566.7', N'', '1', '0', NULL, '2', '3', N'SUCCION', '1', NULL),
('1312', N'169', '16', '1435.8', '1435.8', N'', '1', '0', NULL, '3', '2', N'DESCARGA', '1', NULL),
('1313', N'169', '13', '0.0', '0.0', N'', '0', '0', NULL, '0', '0', NULL, '1', NULL),
('1314', N'169', '1', '0.0', '0.0', N'73', '0', '0', NULL, '0', '0', NULL, '4', '1'),
('1315', N'169', '1', '1619.1', '1619.1', N'8', '1', '0', NULL, '1', '1', N'', '2', '1'),
('1316', N'169', '1', '0.0', '0.0', N'62', '0', '0', N'Rotura', '1', '1', N'', '1', '2'),
('1317', N'169', '1', '1619.1', '1619.1', N'63', '1', '0', NULL, '1', '3', N'', '1', '2'),
('1318', N'169', '1', '1566.7', '1566.7', N'64', '1', '0', NULL, '2', '1', N'', '1', '2'),
('1319', N'169', '1', '1566.7', '1566.7', N'65', '1', '0', NULL, '2', '2', N'', '1', '2'),
('1320', N'169', '1', '1566.7', '1566.7', N'66', '1', '0', NULL, '2', '3', N'', '1', '2'),
('1321', N'169', '1', '1435.8', '1435.8', N'67', '1', '0', NULL, '3', '1', N'', '1', '2'),
('1322', N'169', '1', '1435.8', '1435.8', N'68', '1', '0', NULL, '3', '2', N'', '1', '2'),
('1323', N'169', '1', '1435.8', '1435.8', N'69', '1', '0', NULL, '3', '3', N'', '1', '2'),
('1324', N'169', '1', '0.0', '0.0', N'70', '0', '0', NULL, '0', '0', NULL, '1', '2'),
('1325', N'169', '1', '0.0', '0.0', N'71', '0', '0', NULL, '0', '0', NULL, '1', '2'),
('1326', N'169', '5', '1619.1', '1619.1', N'', '1', '0', NULL, '1', '3', N'', '1', '2'),
('1327', N'169', '5', '1566.7', '1566.7', N'', '1', '0', NULL, '2', '1', N'', '1', '2'),
('1328', N'169', '5', '1566.7', '1566.7', N'', '1', '0', NULL, '2', '2', N'', '1', '2'),
('1329', N'169', '5', '1566.7', '1566.7', N'', '1', '0', NULL, '2', '3', N'', '1', '2'),
('1330', N'169', '5', '1435.8', '1435.8', N'', '1', '0', NULL, '3', '3', N'', '1', '2'),
('1331', N'169', '5', '1435.8', '1435.8', N'', '1', '0', NULL, '3', '1', N'', '1', '2'),
('1332', N'169', '5', '0.0', '0.0', N'', '0', '0', NULL, '0', '0', NULL, '1', '2'),
('1333', N'169', '5', '1435.8', '1435.8', N'', '1', '0', NULL, '3', '2', N'', '1', '2'),
('1334', N'169', '5', '0.0', '0.0', N'', '0', '0', NULL, '0', '0', NULL, '1', '2'),
('1335', N'169', '5', '1619.1', '1619.1', N'', '1', '0', NULL, '1', '1', N'', '1', '2'),
('1336', N'169', '5', '0.0', '0.0', N'', '0', '0', NULL, '0', '0', NULL, '1', '2'),
('1337', N'169', '1', '0.0', '0.0', N'12', '0', '0', N'Rotura', '1', '1', N'', '2', '2'),
('1338', N'169', '1', '0.0', '0.0', N'15', '0', '0', N'Rotura', '1', '2', N'', '2', '2'),
('1339', N'169', '1', '1619.1', '1619.1', N'16', '1', '0', NULL, '1', '2', N'', '2', '2'),
('1340', N'169', '5', '1619.1', '1619.1', N'', '1', '0', NULL, '1', '2', N'', '5', '2'),
('1341', N'169', '1', '0.0', '0.0', N'53', '0', '0', N'Rotura', '2', '2', N'', '1', '3'),
('1342', N'169', '1', '0.0', '0.0', N'54', '0', '0', N'Rotura', '2', '1', N'', '1', '3'),
('1343', N'169', '1', '0.0', '0.0', N'55', '0', '0', N'Rotura', '2', '3', N'', '1', '3'),
('1344', N'169', '1', '0.0', '0.0', N'56', '0', '0', N'Rotura', '3', '1', N'', '1', '3'),
('1345', N'169', '1', '0.0', '0.0', N'58', '0', '0', NULL, '0', '0', NULL, '1', '3'),
('1346', N'169', '1', '0.0', '0.0', N'59', '0', '0', NULL, '0', '0', NULL, '1', '3'),
('1347', N'169', '1', '0.0', '0.0', N'60', '0', '0', NULL, '0', '0', NULL, '1', '3'),
('1348', N'169', '1', '0.0', '0.0', N'61', '0', '0', NULL, '0', '0', NULL, '1', '3'),
('1349', N'169', '1', '0.0', '0.0', N'29', '0', '0', N'Rotura', '1', '2', N'', '1', '3'),
('1350', N'169', '1', '0.0', '0.0', N'37', '0', '0', N'Rotura', '3', '3', N'', '1', '3'),
('1351', N'169', '1', '0.0', '0.0', N'38', '0', '0', N'Rotura', '1', '1', N'', '1', '3'),
('1352', N'169', '1', '0.0', '0.0', N'39', '0', '0', N'Rotura', '3', '2', N'', '1', '3'),
('1353', N'169', '1', '0.0', '0.0', N'40', '0', '0', N'Rotura', '1', '3', N'', '1', '3'),
('1354', N'169', '5', '0.0', '0.0', N'', '0', '0', NULL, '0', '0', NULL, '1', '3'),
('1355', N'169', '5', '0.0', '0.0', N'', '0', '0', NULL, '0', '0', NULL, '1', '3'),
('1356', N'169', '5', '0.0', '0.0', N'', '0', '0', NULL, '0', '0', NULL, '1', '3'),
('1357', N'169', '5', '0.0', '0.0', N'', '0', '0', NULL, '0', '0', NULL, '1', '3'),
('1358', N'169', '5', '0.0', '0.0', N'', '0', '0', NULL, '0', '0', NULL, '1', '3'),
('1359', N'169', '5', '0.0', '0.0', N'', '0', '0', NULL, '0', '0', NULL, '1', '3'),
('1360', N'169', '5', '0.0', '0.0', N'', '0', '0', NULL, '0', '0', NULL, '1', '3'),
('1361', N'169', '5', '0.0', '0.0', N'', '0', '0', NULL, '0', '0', NULL, '1', '3'),
('1362', N'169', '5', '0.0', '0.0', N'', '0', '0', NULL, '0', '0', NULL, '1', '3'),
('1363', N'169', '1', '0.0', '0.0', N'72', '0', '0', NULL, '0', '0', NULL, '2', '4'),
('1364', N'169', '5', '0.0', '0.0', N'', '0', '0', NULL, '0', '0', NULL, '5', '4'),
('1365', N'169', '5', '0.0', '0.0', N'', '0', '0', NULL, '0', '0', NULL, '6', '4'),
('1366', N'169', '5', '0.0', '0.0', N'', '0', '0', NULL, '0', '0', NULL, '2', '4'),
('1367', N'169', '5', '0.0', '0.0', N'', '0', '0', NULL, '0', '0', NULL, '1', '4'),
('1368', N'169', '1', '0.0', '0.0', N'22', '0', '0', NULL, '0', '0', NULL, '1', '4'),
('1369', N'169', '5', '0.0', '0.0', N'', '0', '0', NULL, '0', '0', NULL, '1', '4'),
('1370', N'169', '5', '0.0', '0.0', N'', '0', '0', NULL, '0', '0', NULL, '1', '4'),
('1371', N'169', '5', '0.0', '0.0', N'', '0', '0', NULL, '0', '0', NULL, '1', '4'),
('1372', N'169', '5', '0.0', '0.0', N'', '0', '0', NULL, '0', '0', NULL, '1', '4'),
('1373', N'169', '5', '0.0', '0.0', N'', '0', '0', NULL, '0', '0', NULL, '1', '4'),
('1374', N'169', '5', '0.0', '0.0', N'', '0', '0', NULL, '0', '0', NULL, '1', '4'),
('1375', N'169', '5', '0.0', '0.0', N'', '0', '0', NULL, '0', '0', NULL, '1', '4'),
('1376', N'169', '5', '0.0', '0.0', N'', '0', '0', NULL, '0', '0', NULL, '1', '4'),
('1377', N'169', '5', '0.0', '0.0', N'', '0', '0', NULL, '0', '0', NULL, '1', '4'),
('1378', N'169', '5', '0.0', '0.0', N'', '0', '0', NULL, '0', '0', NULL, '1', '4'),
('1379', N'169', '5', '0.0', '0.0', N'', '0', '0', NULL, '0', '0', NULL, '1', '4'),
('1380', N'169', '1', '0.0', '0.0', N'23', '0', '0', NULL, '0', '0', NULL, '1', '5'),
('1381', N'169', '1', '0.0', '0.0', N'24', '0', '0', NULL, '0', '0', NULL, '1', '5'),
('1382', N'169', '1', '0.0', '0.0', N'25', '0', '0', NULL, '0', '0', NULL, '1', '5'),
('1383', N'169', '1', '0.0', '0.0', N'26', '0', '0', NULL, '0', '0', NULL, '1', '5'),
('1384', N'169', '5', '0.0', '0.0', N'', '0', '0', NULL, '1', '1', N'0', '2', '5'),
('1385', N'169', '1', '0.0', '0.0', N'27', '0', '0', NULL, '0', '0', NULL, '1', '6'),
('1386', N'169', '5', '0.0', '0.0', N'', '0', '0', NULL, '0', '0', NULL, '1', '6'),
('1387', N'169', '5', '0.0', '0.0', N'', '0', '0', NULL, '0', '0', NULL, '1', '6'),
('1388', N'169', '5', '0.0', '0.0', N'', '0', '0', NULL, '0', '0', NULL, '1', '6'),
('1389', N'169', '5', '0.0', '0.0', N'', '0', '0', NULL, '0', '0', NULL, '1', '6'),
('1390', N'169', '5', '0.0', '0.0', N'', '0', '0', NULL, '0', '0', NULL, '1', '6'),
('1391', N'169', '5', '0.0', '0.0', N'', '0', '0', NULL, '0', '0', NULL, '1', '6'),
('1392', N'169', '5', '0.0', '0.0', N'', '0', '0', NULL, '0', '0', NULL, '1', '6'),
('1393', N'169', '5', '0.0', '0.0', N'', '0', '0', NULL, '0', '0', NULL, '1', '6'),
('1394', N'170', '1', '0.0', '0.0', N'34', '0', '0', NULL, '0', '0', NULL, '2', '1'),
('1395', N'170', '5', '0.0', '0.0', N'', '0', '0', NULL, '0', '0', NULL, '5', '1'),
('1396', N'170', '5', '0.0', '0.0', N'', '0', '0', NULL, '0', '0', NULL, '5', '1'),
('1397', N'170', '5', '0.0', '0.0', N'', '0', '0', NULL, '0', '0', NULL, '5', '1'),
('1398', N'170', '5', '0.0', '0.0', N'', '0', '0', NULL, '0', '0', NULL, '5', '1'),
('1399', N'170', '5', '0.0', '0.0', N'', '0', '0', NULL, '0', '0', NULL, '5', '1'),
('1400', N'170', '5', '0.0', '0.0', N'', '0', '0', NULL, '0', '0', NULL, '5', '1'),
('1401', N'170', '5', '0.0', '0.0', N'', '0', '0', NULL, '0', '0', NULL, '5', '1'),
('1402', N'170', '5', '0.0', '0.0', N'', '0', '0', NULL, '0', '0', NULL, '5', '1'),
('1403', N'170', '5', '0.0', '0.0', N'', '0', '0', NULL, '0', '0', NULL, '5', '1'),
('1404', N'170', '5', '0.0', '0.0', N'', '0', '0', NULL, '0', '0', NULL, '5', '1'),
('1405', N'165', '27', '4706.4', '4706.4', NULL, '1', '0', NULL, '1', '1', N'DE MODULO', '1', NULL),
('1406', N'165', '27', '4706.4', '4706.4', NULL, '1', '0', NULL, '1', '2', N'DE MODULO', '1', NULL),
('1407', N'165', '27', '4706.4', '4706.4', NULL, '1', '0', NULL, '1', '3', N'DE MODULO', '1', NULL),
('1408', N'165', '27', '4706.4', '4706.4', NULL, '1', '0', NULL, '1', '3', N'PLATO DESG.', '1', NULL),
('1409', N'165', '27', '5000.0', '0.0', NULL, '0', '1', N'Cambio de Diametro', '1', '2', N'PLATO DESG.', '1', NULL),
('1410', N'165', '27', '0.0', '0.0', NULL, '0', '1', N'Mantenimiento Predictivo', '1', '1', N'PLATO DESG.', '1', NULL),
('1411', N'165', '28', '0.0', '0.0', NULL, '0', '1', N'Rotura', '1', '1', NULL, '1', NULL),
('1412', N'165', '28', '9706.4', '4706.4', NULL, '1', '0', NULL, '1', '2', NULL, '1', NULL),
('1413', N'165', '28', '4706.4', '4706.4', NULL, '1', '0', NULL, '1', '3', NULL, '1', NULL),
('1414', N'165', '28', '1688.0', '4706.4', N'', '1', '0', NULL, '1', '1', NULL, '1', NULL),
('1415', N'165', '27', '1688.0', '4706.4', N'', '1', '0', NULL, '1', '2', N'PLATO DESG.', '2', NULL),
('1416', N'165', '27', '1688.0', '4706.4', N'', '1', '0', NULL, '1', '1', N'PLATO DESG.', '2', NULL),
('1417', N'163', '30', '0.0', '0.0', N'', '1', '0', NULL, '1', '3', N'', '1', '4'),
('1418', N'163', '30', '0.0', '0.0', N'', '1', '0', NULL, '1', '2', N'', '1', '4'),
('1419', N'163', '30', '0.0', '0.0', N'', '1', '0', NULL, '1', '1', N'', '1', '4'),
('1420', N'163', '29', '0.0', '0.0', N'1', '0', '0', NULL, '0', '0', NULL, '1', '4'),
('1421', N'163', '29', '0.0', '0.0', N'2', '0', '0', NULL, '0', '0', NULL, '1', '4'),
('1422', N'163', '33', '0.0', '0.0', N'', '0', '0', NULL, '0', '0', NULL, '4', NULL),
('1423', N'163', '33', '0.0', '0.0', N'', '0', '0', NULL, '0', '0', NULL, '4', NULL),
('1424', N'163', '33', '0.0', '0.0', N'', '1', '0', NULL, '1', '2', N'SUCCION', '4', NULL),
('1425', N'163', '33', '0.0', '0.0', N'', '0', '0', NULL, '0', '0', NULL, '4', NULL),
('1426', N'163', '33', '0.0', '0.0', N'', '0', '0', NULL, '0', '0', NULL, '4', NULL),
('1427', N'165', '34', '6006.4', '4706.4', NULL, '1', '0', NULL, '1', '1', NULL, '1', NULL),
('1428', N'165', '34', '4706.4', '4706.4', NULL, '1', '0', NULL, '1', '2', NULL, '1', NULL),
('1429', N'165', '34', '4706.4', '4706.4', NULL, '1', '0', NULL, '1', '3', NULL, '1', NULL),
('1430', N'165', '34', '4934.0', '4934.0', NULL, '1', '0', NULL, '2', '1', NULL, '1', NULL),
('1431', N'165', '34', '4934.0', '4934.0', NULL, '1', '0', NULL, '2', '2', NULL, '1', NULL),
('1432', N'165', '34', '4934.0', '4934.0', NULL, '1', '0', NULL, '2', '3', NULL, '1', NULL),
('1433', N'165', '34', '2545.8', '2545.8', NULL, '1', '0', NULL, '3', '1', NULL, '1', NULL),
('1434', N'165', '34', '2545.8', '2545.8', NULL, '1', '0', NULL, '3', '2', NULL, '1', NULL),
('1435', N'165', '34', '2545.8', '2545.8', NULL, '1', '0', NULL, '3', '3', NULL, '1', NULL),
('1436', N'166', '34', '55357.7', '64.9', NULL, '1', '0', NULL, '1', '1', NULL, '1', NULL),
('1437', N'166', '34', '55357.7', '64.9', NULL, '1', '0', NULL, '1', '2', NULL, '1', NULL),
('1438', N'166', '34', '55357.7', '64.9', NULL, '1', '0', NULL, '1', '3', NULL, '1', NULL),
('1439', N'166', '34', '1503.4', '1.0', NULL, '1', '0', NULL, '2', '1', NULL, '1', NULL),
('1440', N'166', '34', '1503.4', '1.0', NULL, '1', '0', NULL, '2', '2', NULL, '1', NULL),
('1441', N'166', '34', '1503.4', '1.0', NULL, '1', '0', NULL, '2', '3', NULL, '1', NULL),
('1442', N'166', '34', '30591.1', '1.0', NULL, '1', '0', NULL, '3', '1', NULL, '1', NULL),
('1443', N'166', '34', '30591.1', '1.0', NULL, '1', '0', NULL, '3', '2', NULL, '1', NULL),
('1444', N'166', '34', '30591.1', '1.0', NULL, '1', '0', NULL, '3', '3', NULL, '1', NULL),
('1445', N'167', '34', '1082.9', '1082.9', NULL, '1', '0', NULL, '1', '1', NULL, '1', NULL),
('1446', N'167', '34', '1082.9', '1082.9', NULL, '1', '0', NULL, '1', '2', NULL, '1', NULL),
('1447', N'167', '34', '1082.9', '1082.9', NULL, '1', '0', NULL, '1', '3', NULL, '1', NULL),
('1448', N'167', '34', '895.3', '895.3', NULL, '1', '0', NULL, '2', '1', NULL, '1', NULL),
('1449', N'167', '34', '895.3', '895.3', NULL, '1', '0', NULL, '2', '2', NULL, '1', NULL),
('1450', N'167', '34', '895.3', '895.3', NULL, '1', '0', NULL, '2', '3', NULL, '1', NULL),
('1451', N'167', '34', '887.3', '887.3', NULL, '1', '0', NULL, '3', '1', NULL, '1', NULL),
('1452', N'167', '34', '887.3', '887.3', NULL, '1', '0', NULL, '3', '2', NULL, '1', NULL),
('1453', N'167', '34', '887.3', '887.3', NULL, '1', '0', NULL, '3', '3', NULL, '1', NULL),
('1454', N'168', '34', '445.3', '445.3', NULL, '1', '0', NULL, '1', '1', NULL, '1', NULL),
('1455', N'168', '34', '445.3', '445.3', NULL, '1', '0', NULL, '1', '2', NULL, '1', NULL),
('1456', N'168', '34', '445.3', '445.3', NULL, '1', '0', NULL, '1', '3', NULL, '1', NULL),
('1457', N'168', '34', '1270.0', '1270.0', NULL, '1', '0', NULL, '2', '1', NULL, '1', NULL),
('1458', N'168', '34', '1270.0', '1270.0', NULL, '1', '0', NULL, '2', '2', NULL, '1', NULL),
('1459', N'168', '34', '1270.0', '1270.0', NULL, '1', '0', NULL, '2', '3', NULL, '1', NULL),
('1460', N'168', '34', '1957.8', '1957.8', NULL, '1', '0', NULL, '3', '1', NULL, '1', NULL),
('1461', N'168', '34', '1957.8', '1957.8', NULL, '1', '0', NULL, '3', '2', NULL, '1', NULL),
('1462', N'168', '34', '1957.8', '1957.8', NULL, '1', '0', NULL, '3', '3', NULL, '1', NULL),
('1463', N'169', '34', '1619.1', '1619.1', NULL, '1', '0', NULL, '1', '1', NULL, '1', NULL),
('1464', N'169', '34', '1619.1', '1619.1', NULL, '1', '0', NULL, '1', '2', NULL, '1', NULL),
('1465', N'169', '34', '1619.1', '1619.1', NULL, '1', '0', NULL, '1', '3', NULL, '1', NULL),
('1466', N'169', '34', '1566.7', '1566.7', NULL, '1', '0', NULL, '2', '1', NULL, '1', NULL),
('1467', N'169', '34', '1566.7', '1566.7', NULL, '1', '0', NULL, '2', '2', NULL, '1', NULL),
('1468', N'169', '34', '1566.7', '1566.7', NULL, '1', '0', NULL, '2', '3', NULL, '1', NULL),
('1469', N'169', '34', '1435.8', '1435.8', NULL, '1', '0', NULL, '3', '1', NULL, '1', NULL),
('1470', N'169', '34', '1435.8', '1435.8', NULL, '1', '0', NULL, '3', '2', NULL, '1', NULL),
('1471', N'169', '34', '1435.8', '1435.8', NULL, '1', '0', NULL, '3', '3', NULL, '1', NULL),
('1472', N'170', '34', '412.8', '32.1', NULL, '1', '0', NULL, '1', '1', NULL, '1', NULL),
('1473', N'170', '34', '412.8', '32.1', NULL, '1', '0', NULL, '1', '2', NULL, '1', NULL),
('1474', N'170', '34', '412.8', '32.1', NULL, '1', '0', NULL, '1', '3', NULL, '1', NULL),
('1475', N'170', '34', '288.3', '58.3', NULL, '1', '0', NULL, '2', '1', NULL, '1', NULL),
('1476', N'170', '34', '288.3', '58.3', NULL, '1', '0', NULL, '2', '2', NULL, '1', NULL),
('1477', N'170', '34', '288.3', '58.3', NULL, '1', '0', NULL, '2', '3', NULL, '1', NULL),
('1478', N'170', '34', '454.0', '60.8', NULL, '1', '0', NULL, '3', '1', NULL, '1', NULL),
('1479', N'170', '34', '454.0', '60.8', NULL, '1', '0', NULL, '3', '2', NULL, '1', NULL),
('1480', N'170', '34', '454.0', '60.8', NULL, '1', '0', NULL, '3', '3', NULL, '1', NULL),
('1481', N'1', '34', '0.0', '0.0', NULL, '1', '0', NULL, '1', '1', NULL, '1', NULL),
('1482', N'1', '34', '0.0', '0.0', NULL, '1', '0', NULL, '1', '2', NULL, '1', NULL),
('1483', N'1', '34', '0.0', '0.0', NULL, '1', '0', NULL, '1', '3', NULL, '1', NULL),
('1484', N'1', '34', '0.0', '0.0', NULL, '1', '0', NULL, '2', '1', NULL, '1', NULL),
('1485', N'1', '34', '0.0', '0.0', NULL, '1', '0', NULL, '2', '2', NULL, '1', NULL),
('1486', N'1', '34', '0.0', '0.0', NULL, '1', '0', NULL, '2', '3', NULL, '1', NULL),
('1487', N'1', '34', '0.0', '0.0', NULL, '1', '0', NULL, '3', '1', NULL, '1', NULL),
('1488', N'1', '34', '0.0', '0.0', NULL, '1', '0', NULL, '3', '2', NULL, '1', NULL),
('1489', N'1', '34', '0.0', '0.0', NULL, '1', '0', NULL, '3', '3', NULL, '1', NULL),
('1490', N'165', '34', '0.0', '0.0', N'', '0', '0', NULL, '0', '0', NULL, '1', NULL),
('1491', N'165', '34', '0.0', '0.0', N'', '0', '0', NULL, '0', '0', NULL, '1', NULL),
('1492', N'165', '34', '0.0', '0.0', N'', '0', '0', NULL, '0', '0', NULL, '1', NULL),
('1493', N'165', '34', '0.0', '0.0', N'', '0', '0', NULL, '0', '0', NULL, '1', NULL),
('1494', N'165', '34', '0.0', '0.0', N'', '0', '0', NULL, '0', '0', NULL, '1', NULL),
('1495', N'163', '31', '0.0', '0.0', N'', '0', '0', NULL, '0', '0', NULL, '6', NULL),
('1496', N'166', '15', '0.0', '0.0', N'', '0', '0', NULL, '0', '0', NULL, '1', NULL),
('1497', N'166', '16', '0.0', '0.0', N'', '0', '0', NULL, '0', '0', NULL, '1', NULL),
('1498', N'166', '16', '0.0', '0.0', N'', '0', '0', NULL, '0', '0', NULL, '1', NULL),
('1499', N'166', '16', '0.0', '0.0', N'', '0', '0', NULL, '0', '0', NULL, '1', NULL),
('1500', N'166', '16', '0.0', '0.0', N'', '0', '0', NULL, '0', '0', NULL, '1', NULL);
INSERT INTO [dbo].[perforadorPieza] ([idPerforadorPieza], [perforador], [idPieza], [hs], [hsInst], [serie], [enUso], [baja], [motivo], [bomba], [cuerpo], [modulo], [idMarca], [idDiametro]) VALUES
('1501', N'166', '16', '0.0', '0.0', N'', '0', '0', NULL, '0', '0', NULL, '1', NULL),
('1502', N'166', '16', '0.0', '0.0', N'', '0', '0', NULL, '0', '0', NULL, '1', NULL),
('1503', N'166', '16', '0.0', '0.0', N'', '0', '0', NULL, '0', '0', NULL, '1', NULL),
('1504', N'166', '16', '0.0', '0.0', N'', '0', '0', NULL, '0', '0', NULL, '1', NULL),
('1505', N'166', '16', '0.0', '0.0', N'', '0', '0', NULL, '0', '0', NULL, '1', NULL),
('1506', N'166', '16', '0.0', '0.0', N'', '0', '0', NULL, '0', '0', NULL, '1', NULL),
('1507', N'166', '16', '0.0', '0.0', N'', '0', '0', NULL, '0', '0', NULL, '1', NULL),
('1508', N'166', '16', '0.0', '0.0', N'', '0', '0', NULL, '0', '0', NULL, '1', NULL),
('1509', N'166', '16', '0.0', '0.0', N'', '0', '0', NULL, '0', '0', NULL, '1', NULL),
('1510', N'166', '16', '0.0', '0.0', N'', '0', '0', NULL, '0', '0', NULL, '1', NULL),
('1511', N'166', '16', '0.0', '0.0', N'', '0', '0', NULL, '0', '0', NULL, '1', NULL),
('1512', N'166', '16', '0.0', '0.0', N'', '0', '0', NULL, '0', '0', NULL, '1', NULL),
('1513', N'166', '16', '0.0', '0.0', N'', '0', '0', NULL, '0', '0', NULL, '1', NULL),
('1514', N'166', '16', '0.0', '0.0', N'', '0', '0', NULL, '0', '0', NULL, '1', NULL),
('1515', N'166', '16', '0.0', '0.0', N'', '0', '0', NULL, '0', '0', NULL, '1', NULL),
('1516', N'166', '16', '0.0', '0.0', N'', '0', '0', NULL, '0', '0', NULL, '1', NULL);
SET IDENTITY_INSERT [dbo].[perforadorPieza] OFF

-- -------------------------------------------------------------
-- Table: log
-- -------------------------------------------------------------

SET IDENTITY_INSERT [dbo].[log] ON
INSERT INTO [dbo].[log] ([idLog], [idPerforadorPieza], [movimiento], [detalle], [fecha], [bomba], [cuerpo], [modulo], [hs], [usuario], [perforador]) VALUES
('1', '1030', N'INSTALACION', N'', '2024-02-01 14:16:57.340', '1', '1', N'', '0.0', N'dmaguire', N'165'),
('2', '482', N'DESINSTALACION', N'Rotura', '2024-02-01 14:16:57.603', '1', '1', N'', '22.1', N'dmaguire', N'165'),
('3', '543', N'INSTALACION', N'', '2024-02-01 14:23:49.630', '1', '1', N'', '0.0', N'dmaguire', N'165'),
('4', '1030', N'DESINSTALACION', N'Rotura', '2024-02-01 14:23:49.793', '1', '1', N'', '0.0', N'dmaguire', N'165'),
('5', '1028', N'INSTALACION', N'', '2024-02-01 15:51:44.383', '1', '1', N'', '0.0', N'dmaguire', N'165'),
('6', '543', N'DESINSTALACION', N'Rotura', '2024-02-01 15:51:44.537', '1', '1', N'', '0.0', N'dmaguire', N'165'),
('7', '2', N'INSTALACION', N'', '2024-02-01 18:10:03.627', '1', '1', N'', '439.1', N'dmaguire', N'165'),
('8', '1010', N'DESINSTALACION', N'Rotura', '2024-02-01 18:10:03.777', '1', '1', N'', '22.1', N'dmaguire', N'165'),
('9', '540', N'INSTALACION', N'', '2024-02-01 18:10:32.387', '1', '1', N'', '0.0', N'dmaguire', N'165'),
('10', '1028', N'DESINSTALACION', N'Rotura', '2024-02-01 18:10:32.553', '1', '1', N'', '0.0', N'dmaguire', N'165'),
('11', '660', N'INSTALACION', N'', '2024-02-01 18:10:42.507', '1', '1', N'SUCCION', '0.0', N'dmaguire', N'165'),
('12', '654', N'DESINSTALACION', N'Rotura', '2024-02-01 18:10:42.687', '1', '1', N'SUCCION', '28.7', N'dmaguire', N'165'),
('13', '1031', N'INSTALACION', N'', '2024-02-01 18:10:55.663', '1', '1', N'', '0.0', N'dmaguire', N'165'),
('14', '540', N'DESINSTALACION', N'Rotura', '2024-02-01 18:10:55.807', '1', '1', N'', '0.0', N'dmaguire', N'165'),
('15', '977', N'INSTALACION', N'', '2024-03-13 23:07:16.720', '1', '1', N'DESCARGA', '0.0', N'dmaguire', N'001'),
('16', '271', N'DESINSTALACION', N'Rotura', '2024-03-13 23:07:17.100', '1', '1', N'DESCARGA', '229.3', N'dmaguire', N'001'),
('17', '212', N'INSTALACION', N'', '2024-03-16 19:04:34.817', '1', '1', NULL, '351.8', N'ruben.lucero', N'001'),
('18', '1065', N'DESINSTALACION', N'Cambio de Diametro', '2024-03-16 19:04:35.620', '1', '1', NULL, '5.3', N'ruben.lucero', N'001'),
('19', '563', N'INSTALACION', N'', '2024-03-16 19:05:08.657', '1', '1', NULL, '0.0', N'ruben.lucero', N'001'),
('20', '1075', N'DESINSTALACION', N'Cambio de Diametro', '2024-03-16 19:05:09.083', '1', '1', NULL, '5.3', N'ruben.lucero', N'001'),
('21', '214', N'INSTALACION', N'', '2024-03-16 19:06:07.847', '1', '2', NULL, '468.0', N'ruben.lucero', N'001'),
('22', '1064', N'DESINSTALACION', N'Cambio de Diametro', '2024-03-16 19:06:08.193', '1', '2', NULL, '5.3', N'ruben.lucero', N'001'),
('23', '578', N'INSTALACION', N'', '2024-03-16 19:06:30.643', '1', '2', NULL, '0.0', N'ruben.lucero', N'001'),
('24', '1079', N'DESINSTALACION', N'Cambio de Diametro', '2024-03-16 19:06:31.217', '1', '2', NULL, '5.3', N'ruben.lucero', N'001'),
('25', '570', N'INSTALACION', N'', '2024-03-16 19:07:01.820', '1', '2', N'SUCCION', '0.0', N'ruben.lucero', N'001'),
('26', '257', N'DESINSTALACION', N'Mantenimiento Preventivo', '2024-03-16 19:07:02.030', '1', '2', N'SUCCION', '229.2', N'ruben.lucero', N'001'),
('27', '574', N'INSTALACION', N'', '2024-03-16 19:07:21.413', '1', '2', N'DESCARGA', '0.0', N'ruben.lucero', N'001'),
('28', '264', N'DESINSTALACION', N'Mantenimiento Preventivo', '2024-03-16 19:07:21.637', '1', '2', N'DESCARGA', '229.2', N'ruben.lucero', N'001'),
('29', '978', N'INSTALACION', N'', '2024-03-16 19:07:42.673', '1', '2', N'SUCCION', '0.0', N'ruben.lucero', N'001'),
('30', '272', N'DESINSTALACION', N'Mantenimiento Preventivo', '2024-03-16 19:07:42.970', '1', '2', N'SUCCION', '229.2', N'ruben.lucero', N'001'),
('31', '215', N'INSTALACION', N'', '2024-03-16 19:09:17.397', '2', '1', NULL, '593.2', N'ruben.lucero', N'001'),
('32', '1069', N'DESINSTALACION', N'Cambio de Diametro', '2024-03-16 19:09:17.670', '2', '1', NULL, '6.4', N'ruben.lucero', N'001'),
('33', '579', N'INSTALACION', N'', '2024-03-16 19:11:09.737', '2', '1', NULL, '0.0', N'ruben.lucero', N'001'),
('34', '1078', N'DESINSTALACION', N'Cambio de Diametro', '2024-03-16 19:11:10.050', '2', '1', NULL, '6.4', N'ruben.lucero', N'001'),
('35', '855', N'INSTALACION', N'', '2024-03-16 19:12:02.127', '2', '1', N'DESCARGA', '0.0', N'ruben.lucero', N'001'),
('36', '425', N'DESINSTALACION', N'Mantenimiento Preventivo', '2024-03-16 19:12:02.397', '2', '1', N'DESCARGA', '273.4', N'ruben.lucero', N'001'),
('37', '979', N'INSTALACION', N'', '2024-03-16 19:12:30.830', '2', '1', N'DESCARGA', '0.0', N'ruben.lucero', N'001'),
('38', '279', N'DESINSTALACION', N'Mantenimiento Preventivo', '2024-03-16 19:12:31.137', '2', '1', N'DESCARGA', '273.4', N'ruben.lucero', N'001'),
('39', '283', N'INSTALACION', N'', '2024-03-16 19:12:50.287', '2', '1', N'DESCARGA', '0.0', N'ruben.lucero', N'001'),
('40', '979', N'DESINSTALACION', N'Mantenimiento Preventivo', '2024-03-16 19:12:50.507', '2', '1', N'DESCARGA', '0.0', N'ruben.lucero', N'001'),
('41', '980', N'INSTALACION', N'', '2024-03-16 19:13:08.183', '2', '1', N'SUCCION', '0.0', N'ruben.lucero', N'001'),
('42', '269', N'DESINSTALACION', N'Mantenimiento Preventivo', '2024-03-16 19:13:08.407', '2', '1', N'SUCCION', '564.8', N'ruben.lucero', N'001'),
('43', '1173', N'INSTALACION', N'', '2024-03-19 22:59:32.927', '1', '1', N'', '0.0', N'cristian.mora', N'166'),
('44', '1172', N'DESINSTALACION', N'Cambio de Diametro', '2024-03-19 22:59:33.277', '1', '1', N'', '0.0', N'cristian.mora', N'166'),
('45', '1414', N'INSTALACION', N'', '2024-06-10 12:55:38.687', '1', '1', NULL, '0.0', N'dmaguire', N'165'),
('46', '1411', N'DESINSTALACION', N'Rotura', '2024-06-10 12:55:38.817', '1', '1', NULL, '0.0', N'dmaguire', N'165'),
('47', '1416', N'INSTALACION', N'', '2024-06-10 12:55:53.100', '1', '1', N'PLATO DESG.', '0.0', N'dmaguire', N'165'),
('48', '1410', N'DESINSTALACION', N'Mantenimiento Predictivo', '2024-06-10 12:55:53.160', '1', '1', N'PLATO DESG.', '0.0', N'dmaguire', N'165'),
('49', '1418', N'INSTALACION', N'', '2024-06-11 19:23:59.700', '1', '2', N'', '0.0', N'dmaguire', N'163'),
('50', '725', N'DESINSTALACION', N'Mantenimiento Preventivo', '2024-06-11 19:23:59.840', '1', '2', N'', '607.2', N'dmaguire', N'163'),
('51', '1419', N'INSTALACION', N'', '2024-06-14 18:15:47.313', '1', '1', N'', '0.0', N'dmaguire', N'163'),
('52', '730', N'DESINSTALACION', N'Rotura', '2024-06-14 18:15:47.437', '1', '1', N'', '607.2', N'dmaguire', N'163'),
('53', '1424', N'INSTALACION', N'', '2024-06-14 18:16:45.980', '1', '2', N'SUCCION', '0.0', N'dmaguire', N'163'),
('54', '664', N'DESINSTALACION', N'Rotura', '2024-06-14 18:16:46.100', '1', '2', N'SUCCION', '607.2', N'dmaguire', N'163'),
('55', '1415', N'INSTALACION', N'', '2024-08-27 16:46:49.163', '1', '2', N'PLATO DESG.', '0.0', N'dmaguire', N'165'),
('56', '1409', N'DESINSTALACION', N'Cambio de Diametro', '2024-08-27 16:46:49.307', '1', '2', N'PLATO DESG.', '5000.0', N'dmaguire', N'165'),
('57', '659', N'INSTALACION', N'', '2024-09-10 19:58:03.403', '1', '2', N'SUCCION', '0.0', N'dmaguire', N'165'),
('58', '656', N'DESINSTALACION', N'Mantenimiento Preventivo', '2024-09-10 19:58:03.500', '1', '2', N'SUCCION', '28.7', N'dmaguire', N'165'),
('59', '1417', N'INSTALACION', N'', '2024-10-09 18:36:25.763', '1', '3', N'', '0.0', N'alejandro.arancibia', N'163'),
('60', '731', N'DESINSTALACION', N'Mantenimiento Preventivo', '2024-10-09 18:36:26.227', '1', '3', N'', '607.2', N'alejandro.arancibia', N'163'),
('61', '1162', N'INSTALACION', N'', '2024-10-09 21:03:55.400', '2', '1', N'SUCCION', '0.0', N'alejandro.arancibia', N'166'),
('62', '1140', N'DESINSTALACION', N'Mantenimiento Preventivo', '2024-10-09 21:03:56.037', '2', '1', N'SUCCION', '1334.8', N'alejandro.arancibia', N'166'),
('63', '1163', N'INSTALACION', N'', '2024-10-09 21:05:20.147', '2', '1', N'DESCARGA', '0.0', N'alejandro.arancibia', N'166'),
('64', '1141', N'DESINSTALACION', N'Mantenimiento Preventivo', '2024-10-09 21:05:20.543', '2', '1', N'DESCARGA', '1334.8', N'alejandro.arancibia', N'166'),
('65', '1137', N'INSTALACION', N'', '2024-10-09 21:05:39.773', '2', '1', N'DESCARGA', '0.0', N'alejandro.arancibia', N'166'),
('66', '1108', N'DESINSTALACION', N'Mantenimiento Preventivo', '2024-10-09 21:05:40.117', '2', '1', N'DESCARGA', '1334.8', N'alejandro.arancibia', N'166'),
('67', '1139', N'INSTALACION', N'', '2024-10-09 21:05:52.647', '2', '1', N'SUCCION', '0.0', N'alejandro.arancibia', N'166'),
('68', '1109', N'DESINSTALACION', N'Mantenimiento Preventivo', '2024-10-09 21:05:52.987', '2', '1', N'SUCCION', '1334.8', N'alejandro.arancibia', N'166'),
('69', '1130', N'INSTALACION', N'', '2024-10-09 21:06:05.053', '2', '1', N'DESCARGA', '0.0', N'alejandro.arancibia', N'166'),
('70', '1113', N'DESINSTALACION', N'Mantenimiento Preventivo', '2024-10-09 21:06:05.480', '2', '1', N'DESCARGA', '1334.8', N'alejandro.arancibia', N'166');
SET IDENTITY_INSERT [dbo].[log] OFF

-- -------------------------------------------------------------
-- Table: pnq
-- -------------------------------------------------------------

SET IDENTITY_INSERT [dbo].[pnq] ON
INSERT INTO [dbo].[pnq] ([idPnq], [unidadNegocio], [distributionType], [inv_item1], [inv_item2], [inv_item3], [inv_item4], [cantidad], [estado], [fecha]) VALUES
('1', N'ARCNQ', N'EQ_PERF170', N'02170584N', NULL, NULL, NULL, '5', N'pendiente', '2024-02-01 18:08:38.777'),
('2', N'ARCNQ', N'EQ_PERF165', N'02170584N', NULL, NULL, NULL, '5', N'pendiente', '2024-02-01 18:10:04.603'),
('3', N'ARCNQ', N'EQ_PERF165', N'02060568N', NULL, NULL, NULL, '5', N'pendiente', '2024-02-01 18:10:42.907'),
('4', N'ARCNQ', N'EQ_PERF165', N'02090194N', N'02090203N', NULL, NULL, '5', N'pendiente', '2024-02-01 18:10:55.973'),
('5', N'ARCNQ', N'EQ_PAE_001', N'02060582N', NULL, NULL, NULL, '5', N'pendiente', '2024-03-13 23:07:17.533'),
('6', N'ARCNQ', N'EQ_PAE_001', N'02060568N', NULL, NULL, NULL, '5', N'pendiente', '2024-03-16 19:07:22.710'),
('7', N'ARCNQ', N'EQ_PAE_001', N'02060582N', NULL, NULL, NULL, '5', N'pendiente', '2024-03-16 19:07:43.400'),
('8', N'ARCNQ', N'EQ_PAE_001', N'02060582N', NULL, NULL, NULL, '5', N'pendiente', '2024-03-16 19:12:31.963'),
('9', N'ARCNQ', N'EQ_PAE_001', N'02060582N', NULL, NULL, NULL, '5', N'pendiente', '2024-03-16 19:12:50.873'),
('10', N'ARCNQ', N'EQ_PAE_001', N'02060582N', NULL, NULL, NULL, '5', N'pendiente', '2024-03-16 19:13:08.690'),
('11', N'ARCNQ', N'EQ_PERF166', N'02170582N', NULL, NULL, NULL, '5', N'pendiente', '2024-03-19 22:59:35.383'),
('12', N'ARCNQ', N'EQ_PERF165', N'02060568N', NULL, NULL, NULL, '5', N'pendiente', '2024-09-10 19:58:04.383'),
('13', N'ARCNQ', N'EQ_PERF166', N'02060583N', NULL, NULL, NULL, '5', N'pendiente', '2024-10-09 21:05:21.850'),
('14', N'ARCNQ', N'EQ_PERF166', N'02060568N', NULL, NULL, NULL, '5', N'pendiente', '2024-10-09 21:05:40.607'),
('15', N'ARCNQ', N'EQ_PERF166', N'02060568N', NULL, NULL, NULL, '5', N'pendiente', '2024-10-09 21:05:53.617'),
('16', N'ARCNQ', N'EQ_PERF166', N'02060582N', NULL, NULL, NULL, '5', N'pendiente', '2024-10-09 21:06:06.637');
SET IDENTITY_INSERT [dbo].[pnq] OFF

